Nome;TipoPosto;Municipio;Preco;Marca;Combustivel;DataAtualizacao;Distrito;Morada;Localidade;CodPostal;Latitude;Longitude
"MARVIMAR, LDA. (1)";"Outro";"Loures";"1,119 €";"GALP";"GPL Auto";"2026-06-12 12:05";"Lisboa";"Av. Dom Afonso Henriques";"São João da Talha";"2695-691";38.821947;-9.097843
"AUTO MINDRICA LDA.";"Outro";"Alcanena";"0,969 €";"GALP";"GPL Auto";"2026-07-13 15:00";"Santarém";"EN 243 Km 23,2";"Minde";"2395-000";39.519272;-8.687941
"Controlsuper - Com. de Combustiveis Lda";"Outro";"Guimarães";"0,934 €";"GALP";"GPL Auto";"2026-07-28 19:40";"Braga";"Circular Urbana Guimarães\r\nEN 105";"Guimarães";"4810-910";41.4512;-8.300733
"Paralelo Alternativo - Comércio de Combustíveis, Ldª";"Outro";"Coimbra";"0,944 €";"GALP";"GPL Auto";"2026-07-30 00:00";"Coimbra";"IC 2 Km 183,4";"Antanhol- Banhos Secos";"3000-032";40.167801;-8.456432
"Cepsa Povoa Santarém";"Outro";"Santarém";"0,916 €";"CEPSA";"GPL Auto";"2026-08-03 00:00";"Santarém";"EN 3 - Km 46";"Póvoa de Santarém";"2000-531";39.303;-8.68559
"CEPSA Carregal do Sal";"Outro";"Carregal do Sal";"0,976 €";"CEPSA";"GPL Auto";"2026-08-03 00:00";"Viseu";"Arruamento Urbano a Sul da Vila s/nCarregal do Sal";"Carregal do Sal";"3430-154";40.4311;-7.99496
"REPSOL Fogueteiro";"Outro";"Seixal";"0,964 €";"REPSOL";"GPL Auto";"2026-08-03 00:00";"Setúbal";"Rua Oliveira Martins";"Paivas";"2845-381";38.617588;-9.116368
"REPSOL Aires  B";"Outro";"Palmela";"0,944 €";"REPSOL";"GPL Auto";"2026-08-03 00:00";"Setúbal";"EN 252 Km 50,460";"Palmela";"2950-439";38.561623;-8.887839
"REPSOL Aveiro - Nó Sul A";"Outro";"Aveiro";"0,954 €";"REPSOL";"GPL Auto";"2026-08-03 00:00";"Aveiro";"AVENIDA DA UNIVERSIDADE";"Aveiro";"3810-489";40.626743;-8.652549
"REPSOL Gandra - Rotunda Oliveiras";"Outro";"Paredes";"0,974 €";"REPSOL";"GPL Auto";"2026-08-03 00:00";"Porto";"VIA ROTA DOS MÓVEIS, n.º 50";"Gandra";"4585-325";41.196667;-8.434161
"OZ ENERGIA  -  MIRANDELA";"Outro";"Mirandela";"0,984 €";"OZ Energia";"GPL Auto";"2026-08-03 01:00";"Bragança";"Lugar do Espinheiral, EN15, Saída Mirandela Oeste";"Espinheiral";"5370-552";41.479393;-7.205275
"CREIXOAUTO GUIMARAES";"Outro";"Guimarães";"1,059 €";"BP";"GPL Auto";"2026-08-03 07:00";"Braga";"Rua Miradouro de Baixo";"Creixomil";"4835-079";41.43717;-8.31279
"BP Portimão Raminha";"Outro";"Portimão";"0,999 €";"BP";"GPL Auto";"2026-08-03 08:40";"Faro";"Avenida São Lourenço da Barrosa, Lote 18 Alto da Raminha";"Portimão";"8500-510";37.14381;-8.54823
"PRIO PENELA";"Outro";"Penela";"0,929 €";"PRIO";"GPL Auto";"2026-08-03 08:45";"Coimbra";"Zona industrial de Penela, lote 1";"Penela";"3230-292";40.01876;-8.37316
"GALP Caneças Norte (11499) B";"Outro";"Odivelas";"0,944 €";"GALP";"GPL Auto";"2026-08-03 08:50";"Lisboa";"Rua Luis de Camões";"Caneças";"1685-601";38.813442;-9.210954
"L. A. CAMEIRINHA , LDA";"Outro";"Beja";"0,954 €";"GALP";"GPL Auto";"2026-08-03 09:00";"Beja";"Rua de Lisboa";"Beja";"7800-000";38.02075;-7.87145
"GALP CST (Leiria-Lisboa) - 13114";"Outro";"Alcobaça";"0,969 €";"GALP";"GPL Auto";"2026-08-03 09:15";"Leiria";"IC2(EN1), Km 101+100 - Sentido Leiria/Lisboa";"Casais de Santa Teresa";"2460-715";39.570324;-8.878646
"PRIO Pousada de Saramagos";"Outro";"Vila Nova de Famalicão";"0,899 €";"PRIO";"GPL Auto";"2026-08-03 09:15";"Braga";"Av. Riopele 815";"Pousada de Saramagos";"4770-405";41.42762;-8.43019
"VMF- Raposeira";"Outro";"Leiria";"0,897 €";"GALP";"GPL Auto";"2026-08-03 09:30";"Leiria";"Rua Dr. Diogo Almeida Pais Santos";"Colmeias";"2420-003";39.796231;-8.727059
"INTERMARCHÉ Ericeira";"Outro";"Mafra";"0,869 €";"INTERMARCHÉ";"GPL Auto";"2026-08-03 09:30";"Lisboa";"Estrada Nacional 116, Km 1, Edifício INTERMARCHÉ";"Ericeira";"2655-139";38.96593;-9.40785
"Q8 Albergaria-a-Velha";"Outro";"Albergaria-a-Velha";"0,889 €";"Q8";"GPL Auto";"2026-08-03 09:40";"Aveiro";"Rua Dr. Quina Ferreira, 74 (EN 16 ao km 11.9)";"Sobreiro";"3850-273";40.68503;-8.521238
"BP Avanca (S-N)";"Outro";"Estarreja";"0,999 €";"BP";"GPL Auto";"2026-08-03 09:40";"Aveiro";"R. do Falcão, E.N. 109 - Km 44.3";"Avanca";"3860-060";40.785388;-8.566024
"E. LECLERC PORTALEGRE";"Outro";"Portalegre";"0,959 €";"LECLERC";"GPL Auto";"2026-08-03 09:50";"Portalegre";"Rua do Joinal";"Lugar do Gaveto";"7300-000";39.27842;-7.43255
"Intermarché Vialonga";"Outro";"Vila Franca de Xira";"0,889 €";"INTERMARCHÉ";"GPL Auto";"2026-08-03 09:55";"Lisboa";"Urb. Terras Compridas, Lote 8\nEstrada da Várzea";"Vialonga";"2625-716";38.86376;-9.09955
"BP - Vale de Figueira";"Outro";"Loures";"0,954 €";"BP";"GPL Auto";"2026-08-03 09:55";"Lisboa";"Rua Alfredo Vitorino Costa";"Vale de Figueira";"2695-772";38.82893;-9.10132
"Chamauto -  Sociedade Transmontana de  Automóveis, Lda (1)";"Outro";"Chaves";"0,999 €";"GALP";"GPL Auto";"2026-08-03 10:10";"Vila Real";"EN 2";"Lombo";"5400-000";41.72866;-7.47115
"COPREL";"Outro";"Mafra";"0,859 €";"GALP";"GPL Auto";"2026-08-03 10:20";"Lisboa";"RUA FRANCISCO AUGUSTO LEITE, 4A DA PERRA";"MAFRA";"2640-410";38.9516;-9.33227
"REPSOL Coina";"Outro";"Barreiro";"0,974 €";"REPSOL";"GPL Auto";"2026-08-03 10:35";"Setúbal";"Estrada Nacional 10";"Coina";"2830-411";38.592712;-9.046671
"REPSOL Lordelo do Ouro";"Outro";"Porto";"1,004 €";"REPSOL";"GPL Auto";"2026-08-03 10:35";"Porto";"Av. Marechal Gomes da Costa, 99";"Porto";"4150-357";41.16147;-8.65623
"ALVES BANDEIRA Albergaria-a-Velha (Urgeiras)";"Outro";"Albergaria-a-Velha";"0,864 €";"ALVES BANDEIRA";"GPL Auto";"2026-08-03 10:45";"Aveiro";"Zona Industrial de Urgueiras - Lugar de Coito";"Urgueiras";"3850-280";40.70629;-8.482127
"PRIO - Perelhal";"Outro";"Barcelos";"0,909 €";"PRIO";"GPL Auto";"2026-08-03 11:00";"Braga";"Rua Frei Pedro de Perelhal, 856";"Perelhal";"4750-620";41.53171;-8.69155
"PA Amarante - Petrofregim";"Outro";"Amarante";"0,935 €";"PRIO";"GPL Auto";"2026-08-03 11:15";"Porto";"Rua Antonio Carneiro nº. 251";"Amarante";"4600-049";41.266052;-8.070321
"BP- VERMIL";"Outro";"Guimarães";"1,109 €";"BP";"GPL Auto";"2026-08-03 11:20";"Braga";"Rua da Portela nº1005";"Vermil";"4805-546";41.445744;-8.400159
"ALVES BANDEIRA Lourosa B (Norte-Sul)";"Outro";"Santa Maria da Feira";"0,924 €";"ALVES BANDEIRA";"GPL Auto";"2026-08-03 11:25";"Aveiro";"E.N. 1 - AV. PRINCIPAL, Nº 110";"Lourosa";"4535-090";40.99839;-8.540699
"GASPE Bragança";"Outro";"Bragança";"1,123 €";"GASPE";"GPL Auto";"2026-08-03 11:25";"Bragança";"Estrada Vale de Álvaro";"Bragança";"5300-274";41.81918;-6.75501
"ALVES BANDEIRA Vale de Ourém";"Outro";"Batalha";"0,864 €";"ALVES BANDEIRA";"GPL Auto";"2026-08-03 11:25";"Leiria";"E.N. 356 - ESTRADA DA BATALHA";"Vale de Ourém";"2495-036";39.63865;-8.71554
"ALVES BANDEIRA Landim";"Outro";"Vila Nova de Famalicão";"0,884 €";"ALVES BANDEIRA";"GPL Auto";"2026-08-03 11:25";"Braga";"Rua da Est Nacional 204/5, Nº 2035";"Landim";"4770-309";41.379173;-8.451441
"ALVES BANDEIRA Santa Cruz do Bispo";"Outro";"Matosinhos";"0,879 €";"ALVES BANDEIRA";"GPL Auto";"2026-08-03 11:35";"Porto";"Av. Arquiteto Fernando Távora, 1040 - Lugar de Aguiar";"Santa Cruz do Bispo";"4455-877";41.213566;-8.682849
"BP Barcelos - Ucha (Carbuiberia)";"Outro";"Barcelos";"0,905 €";"BP";"GPL Auto";"2026-08-03 11:35";"Braga";"EN 205, km 33,300 - Lugar de Crasto  - Ucha de São Romão";"Ucha";"4750-767";41.57254;-8.523811
"A. PINTO, LDA.(1)";"Outro";"Faro";"0,944 €";"GALP";"GPL Auto";"2026-08-03 11:40";"Faro";"EN 125 Km 107,6";"Rio Seco";"8005-528";37.02859;-7.90614
"NOVAIS ";"Outro";"Barcelos";"0,888 €";"ESSO";"GPL Auto";"2026-08-03 12:05";"Braga";"R. Santa Eulália, 1579";"Negreiros e Chavão";"4775-193";41.43241;-8.61615
"Novais & Ferreira";"Outro";"Barcelos";"0,898 €";"ESSO";"GPL Auto";"2026-08-03 12:05";"Braga";"EM 306";"Lugar da Portela - Góios";"4755-247";41.475166;-8.632308
"Prio Valadares";"Outro";"Vila Nova de Gaia";"0,999 €";"PRIO";"GPL Auto";"2026-08-03 12:05";"Porto";"Av. Combatentes do Ultramar Português";"Valadares";"4405-707";41.0855;-8.63278
"REPSOL Vila Verde";"Outro";"Vila Verde";"0,974 €";"REPSOL";"GPL Auto";"2026-08-03 12:10";"Braga";"Av. António Sérgio, S/N";"Vila Verde";"4730-709";41.644604;-8.436118
"ES Repsol - Santa Maria da Feira";"Outro";"Santa Maria da Feira";"0,964 €";"REPSOL";"GPL Auto";"2026-08-03 12:10";"Aveiro";"Rua Dr. Crespim Borges Castro";"Santa Maria da Feira";"4520-195";40.92149;-8.5633
"ES REPSOL Barrô";"Outro";"Águeda";"0,954 €";"REPSOL";"GPL Auto";"2026-08-03 12:15";"Aveiro";"ZONA IND.BARRO";"Barrô";"3750-351";40.53712;-8.45097
"PA GESTROIL Belinho";"Outro";"Esposende";"0,908 €";"Genérico";"GPL Auto";"2026-08-03 12:20";"Braga";"Avenida de Belinho, nº64 - E.N. 13 - KM 52";"Belinho";"4740-161";41.599396;-8.785084
"BP VISEU ABRAVESES";"Outro";"Viseu";"0,999 €";"BP";"GPL Auto";"2026-08-03 12:25";"Viseu";"RIBEIRA DE MIDE - VISEU";"Viseu";"3515-419";40.68089;-7.926881
"GASCOMB PRIO TONDELA";"Outro";"Tondela";"0,999 €";"PRIO";"GPL Auto";"2026-08-03 12:30";"Viseu";"EN2 - Lugar de Naia";"Póvoa do Arcediago";"3460-016";40.537857;-8.052477
"ERICEIRA";"Outro";"Mafra";"0,999 €";"BP";"GPL Auto";"2026-08-03 12:30";"Lisboa";"EN 247, Mil Regos";"Ericeira";"2655-319";38.982386;-9.417686
"GALP Penafiel - Tenente Valadim";"Outro";"Penafiel";"0,944 €";"GALP";"GPL Auto";"2026-08-03 12:30";"Porto";"Rua Tenente Valadim E.N 15 Km 29,6 - Tapadinha";"Penafiel";"4560-532";41.194393;-8.297167
"Ultra Resistente - Combustiveis, Ldª";"Outro";"Sátão";"0,959 €";"GALP";"GPL Auto";"2026-08-03 12:40";"Viseu";"EN 229 Km 69.800";"Longra";"3560-085";40.75569;-7.72737
"js e sf";"Outro";"Penafiel";"0,979 €";"Genérico";"GPL Auto";"2026-08-03 13:00";"Porto";"Av. de São Mamede,1974";"São Mamede de Recezinhos";"4560-800";41.2329;-8.22747
"Posto de Abastecimento - Intermarché de Famões";"Área comercial (Hipermercados)";"Odivelas";"0,879 €";"INTERMARCHÉ";"GPL Auto";"2026-08-03 13:15";"Lisboa";"Urb. Quinta do Segulim, Lote EA-01";"Famões";"1675-351";38.792127;-9.214949
"BOMBAGAS COMBUSTIVEIS E LUBRIFICANTES LDA";"Outro";"Vila Verde";"0,909 €";"BOMBAGÁS";"GPL Auto";"2026-08-03 14:00";"Braga";"EN 201";"Marrancos-Arcozelo- Lugar do Monte Afurado";"4731-000";41.67685;-8.52491
"Posto de Sobral de Monte Agraço";"Outro";"Sobral de Monte Agraço";"0,980 €";"GALP";"GPL Auto";"2026-08-03 14:30";"Lisboa";"Av. 1º de Maio";"Sobral de Monte Agraço";"2590-001";39.02191;-9.14838
"PGPL CHAMAGAS Rio Maior";"Outro";"Rio Maior";"0,919 €";"CHAMAGÁS";"GPL Auto";"2026-08-03 14:40";"Santarém";"E.N. 1 - Alto da Serra";"Alto da Serra";"2040-063";39.375793;-8.962691
"Prio - Sto. António dos Cavaleiros";"Outro";"Loures";"0,889 €";"PRIO";"GPL Auto";"2026-08-03 14:45";"Lisboa";"Rua José Malhoa,1- Paradela";"Santo António dos Cavaleiros";"2660-699";38.80744;-9.16869
"Lubriolhão, Lda";"Outro";"Loulé";"0,954 €";"GALP";"GPL Auto";"2026-08-03 14:45";"Faro";"Estrada da Fonte Santa";"Barros de Almancil";"8135-107";37.08517;-8.04257
"AB de Abrantes";"Outro";"Abrantes";"0,884 €";"ALVES BANDEIRA";"GPL Auto";"2026-08-03 15:00";"Santarém";"Rua D. João I";"Samarra - São Vicente";"2200-233";39.46791;-8.20883
"INTERMARCHÉ ALCÁCER DO SAL";"Outro";"Alcácer do Sal";"0,999 €";"INTERMARCHÉ";"GPL Auto";"2026-08-03 15:15";"Setúbal";"Cerrado das Majapoas ";"Alcácer do Sal";"7580-054";38.38147;-8.514054
"POSTO AGUIAR DA BEIRA";"Outro";"Aguiar da Beira";"0,999 €";"Genérico";"GPL Auto";"2026-08-03 15:20";"Guarda";"Quinta de Stº Estevão";"Ponte do Abade";"3570-191";40.85363;-7.50846
"Lagos - E. N. 125 (Oeste)";"Outro";"Lagos";"0,999 €";"BP";"GPL Auto";"2026-08-03 15:35";"Faro";"EN125  Telheiro";"Lagos";"8600-327";37.119785;-8.67342
"ECOBRENT Modivas ";"Outro";"Vila do Conde";"0,939 €";"ECOBRENT";"GPL Auto";"2026-08-03 15:35";"Porto";"Avenida Fonte Cova 400";"Modivas";"4485-592";41.29811;-8.70692
"ECOBRENT - Guia";"Outro";"Albufeira";"0,959 €";"ECOBRENT";"GPL Auto";"2026-08-03 15:40";"Faro";"EN 125, Km 66,6";"Cortelhas";"8200-413";37.12776;-8.29955
"ECOBRENT - Touguinhó";"Outro";"Vila do Conde";"0,939 €";"ECOBRENT";"GPL Auto";"2026-08-03 15:40";"Porto";"Avenida José Ramos Maia S/N,  4480-575 Touguinhó";"Touguinhó";"4480-575";41.392284;-8.700511
"ECOBRENT - Viana do Castelo";"Outro";"Viana do Castelo";"0,949 €";"ECOBRENT";"GPL Auto";"2026-08-03 15:40";"Viana do Castelo";"Rua dos Carregais, 106";"Viana do Castelo";"4900-665";41.70683;-8.80188
"ECOBRENT - Santarém Retail";"Área comercial (Hipermercados)";"Santarém";"0,939 €";"ECOBRENT";"GPL Auto";"2026-08-03 15:40";"Santarém";"Santarém Retail Park Quinta das Cegonhas, Lote 28";"Santarém";"2000-471";39.214977;-8.691306
"REPSOL Rotunda Fundão";"Outro";"Fundão";"0,979 €";"REPSOL";"GPL Auto";"2026-08-03 15:55";"Castelo Branco";"Rua Cidade da Covilha";"Fundão";"6230-346";40.15476;-7.496789
"REPSOL Fundão A - R Cidade Covilhã";"Outro";"Fundão";"0,979 €";"REPSOL";"GPL Auto";"2026-08-03 15:55";"Castelo Branco";"Rua da Cidade da Covilhã, s/n";"Fundão";"6230-346";40.1424;-7.497109
"PVGG INFORGAS  Fundão";"Outro";"Fundão";"0,995 €";"Genérico";"GPL Auto";"2026-08-03 15:55";"Castelo Branco";"Zona Industrial Fundão, lote 171";"Fundão";"6230-483";40.1777;-7.490709
"Cepsa Oliveira do Bairro";"Outro";"Oliveira do Bairro";"0,943 €";"CEPSA";"GPL Auto";"2026-08-03 16:15";"Aveiro";"Est. Vila Verde";"Vila Verde";"3770-305";40.50667;-8.536321
"Moeve - Nelas";"Outro";"Nelas";"0,916 €";"CEPSA";"GPL Auto";"2026-08-03 16:25";"Viseu";"Est. Nacional 234 km 95,6";"Nelas";"3520-095";40.558067;-7.835172
"PA Feitos -Barcelos";"Outro";"Barcelos";"0,899 €";"Genérico";"GPL Auto";"2026-08-03 16:25";"Braga";"Rua da Estrada Nacional 103, km 12,100";"Feitos";"4750-442";41.57053;-8.685565
"CHAMAGÁS LEIRIA";"Outro";"Leiria";"0,899 €";"CHAMAGÁS";"GPL Auto";"2026-08-03 17:05";"Leiria";"Rua de Santa Clara - Parceiros";"Parceiros";"2400-019";39.73963;-8.82211
"PA CHAMAGÁS Pedroso";"Outro";"Vila Nova de Gaia";"0,889 €";"CHAMAGÁS";"GPL Auto";"2026-08-03 17:10";"Porto";"Rua Nova da Raposa, 353 - Pedroso";"Pedroso";"4415-207";41.068367;-8.575472
"GALP Vouzela";"Outro";"Vouzela";"0,989 €";"GALP";"GPL Auto";"2026-08-03 19:15";"Viseu";"Variante de Vouzela";"Vouzela";"3670-234";40.72417;-8.110905
"E. LECLERC AMORA";"Outro";"Seixal";"0,919 €";"LECLERC";"GPL Auto";"2026-08-03 21:00";"Setúbal";"Av. Marginal Silva Gomes";"Amora";"2845-000";38.625215;-9.111194
"TFGEST São Vicente Penso";"Outro";"Braga";"0,934 €";"FREITAS";"GPL Auto";"2026-08-03 22:00";"Braga";"Avenida do Redondelo, 51 (EN 309 - km 29,970 D)";"São Vicente de Penso";"4705-628";41.48778;-8.429883
"Posto de Abastecimento Auto Albergue, Lda.";"Outro";"Pombal";"0,999 €";"Genérico";"GPL Auto";"2026-08-03 22:00";"Leiria";"R. do Castelo";"Albergaria dos Doze";"3100-081";39.80369;-8.59071
"Coop.Agríc.Tocha";"Outro";"Cantanhede";"0,892 €";"Genérico";"GPL Auto";"2026-08-04 00:00";"Coimbra";"Rua Manuel Rodrigues Batata";"Andrades-Tocha";"3064-908";40.31897;-8.75116
"IG Combustíveis";"Outro";"Oliveira do Hospital";"0,999 €";"PRIO";"GPL Auto";"2026-08-04 00:00";"Coimbra";"Av. Dr. Carlos Campos, n.º 3";"Oliveira do Hospital";"3400-058";40.3619;-7.86059
"Galp-OFIMAQ- Pousos_Leiria";"Outro";"Leiria";"0,980 €";"Genérico";"GPL Auto";"2026-08-04 00:00";"Leiria";"Charneca - Pousos";"Leiria";"2410-211";39.735157;-8.764882
"GASOLAR - CAMINHA";"Outro";"Caminha";"0,999 €";"GASOLAR";"GPL Auto";"2026-08-04 00:00";"Viana do Castelo";"Estrada Nacional 13 , 1248";"LANHELAS";"4910-204";41.90873;-8.79339
"A15 - Rio Maior (Norte)";"Auto-estrada";"Rio Maior";"0,999 €";"BP";"GPL Auto";"2026-08-04 00:05";"Santarém";"A15  Km 23.4";"Sublanço Rio Maior/Malaqueijo";"2040-998";39.301414;-8.896528
"A15 - Rio Maior (Sul)";"Auto-estrada";"Rio Maior";"0,999 €";"BP";"GPL Auto";"2026-08-04 00:05";"Santarém";"A15 Km 23,4";"Sublanço Rio Maior/ Malaqueijo";"2040-998";39.299661;-8.896258
"Petrogravo";"Outro";"Oliveira de Frades";"1,169 €";"Genérico";"GPL Auto";"2026-08-04 04:10";"Viseu";"Paredes de Gravo ";"Paredes de Gravo";"3680-174";40.7019;-8.245872
"Bp Estremoz";"Outro";"Estremoz";"0,999 €";"BP";"GPL Auto";"2026-08-04 07:20";"Évora";"Zona Industrial de Estremoz, lote nº 63";"Estremoz";"7100-147";38.84741;-7.5815
"E.LECLERC CALDAS DA RAINHA";"Área comercial (Hipermercados)";"Caldas da Rainha";"0,898 €";"LECLERC";"GPL Auto";"2026-08-04 07:30";"Leiria";"Quinta do Salgado";"Caldas da Rainha";"2504-915";39.403405;-9.148029
"REPSOL Viana do Castelo - Av. Cap. Gaspar Castro";"Outro";"Viana do Castelo";"0,964 €";"Genérico";"GPL Auto";"2026-08-04 08:15";"Viana do Castelo";"Av. Capitão Gaspar Castro";"Viana do Castelo";"4900-462";41.70079;-8.82319
"E.LECLERC FAFE";"Área comercial (Hipermercados)";"Fafe";"0,999 €";"LECLERC";"GPL Auto";"2026-08-04 08:40";"Braga";"Rua Cidade de Guimarães";"Campo do Lameiro – Santo Ovídeo";"4820-178";41.453073;-8.189715
"Gasodueça - PA Genérico Meãs";"Outro";"Miranda do Corvo";"0,909 €";"Genérico";"GPL Auto";"2026-08-04 08:40";"Coimbra";"Rua Trás das Casas 29";"Meãs";"3220-115";40.083;-8.318
"AUCHAN Setúbal - (EN 10)";"Outro";"Setúbal";"0,899 €";"AUCHAN";"GPL Auto";"2026-08-04 08:55";"Setúbal";"Rua Engº Ferreira Dias - (EN 10 Vale do Cobro)";"Setúbal";"2910-000";38.535072;-8.862466
"AUCHAN Matosinhos";"Outro";"Maia";"0,869 €";"AUCHAN";"GPL Auto";"2026-08-04 08:55";"Porto";"Av. Fernando Távora, nº 1570";"Maia";"4470-558";41.23662;-8.667163
"AUCHAN Castelo Branco";"Outro";"Castelo Branco";"0,919 €";"AUCHAN";"GPL Auto";"2026-08-04 08:55";"Castelo Branco";"Zona Industrial Castelo Branco";"Castelo Branco";"6000-459";39.81447;-7.521308
"AUCHAN Viseu";"Outro";"Viseu";"0,899 €";"AUCHAN";"GPL Auto";"2026-08-04 08:55";"Viseu";"Qta. da Alagoa Estrada Nelas";"Nelas";"3520-000";40.63785;-7.908987
"AUCHAN Alfragide";"Outro";"Oeiras";"0,879 €";"AUCHAN";"GPL Auto";"2026-08-04 08:55";"Lisboa";"Rua da Quinta do Salrego (Rua Henrique Mendes) -  Lote 12 - Portela de Carnaxide";"Carnaxide";"2790-144";38.731133;-9.226119
"AUCHAN Alverca ";"Outro";"Vila Franca de Xira";"0,859 €";"AUCHAN";"GPL Auto";"2026-08-04 08:55";"Lisboa";"Qta. Drogas da Verdelha E.N.10";"Alverca do Ribatejo";"2615-170";38.888622;-9.041957
"AUCHAN Amadora (UBBO)";"Outro";"Amadora";"0,879 €";"AUCHAN";"GPL Auto";"2026-08-04 08:55";"Lisboa";"Av Lima de Freitas Parcela A";"Amadora";"2650-501";38.77347;-9.216102
"AUCHAN Évora";"Outro";"Évora";"0,919 €";"AUCHAN";"GPL Auto";"2026-08-04 08:55";"Évora";"Rua Werner Siemens, Lote 9 - Zona Industrial";"Évora";"7005-345";38.551273;-7.905527
"AUCHAN Santo Tirso";"Outro";"Santo Tirso";"0,839 €";"AUCHAN";"GPL Auto";"2026-08-04 08:55";"Porto";"Rua das Rãs";"Santa Cristina Couto";"4780-219";41.33237;-8.476991
"AUCHAN Figueira da Foz";"Outro";"Figueira da Foz";"0,919 €";"AUCHAN";"GPL Auto";"2026-08-04 08:55";"Coimbra";"Av. Dr. Francisco de Sá Carneiro, Vila Robim";"Chã";"3080-853";40.163612;-8.841515
"AUCHAN Cascais";"Outro";"Cascais";"0,899 €";"AUCHAN";"GPL Auto";"2026-08-04 08:55";"Lisboa";"Av. De Sintra / Cascais nº 1617";"Alcabideche";"2755-318";38.71596;-9.418377
"AUCHAN Maia";"Outro";"Maia";"0,869 €";"AUCHAN";"GPL Auto";"2026-08-04 08:55";"Porto";"Rua Velha de Mandim, nº 67";"Maia";"4470-053";41.249943;-8.619664
"AUCHAN Guimarães";"Outro";"Guimarães";"0,869 €";"AUCHAN";"GPL Auto";"2026-08-04 08:55";"Braga";"Rua 25 de Abril, 999 Silvares";"Guimarães";"4835-400";41.44742;-8.341431
"AUCHAN Torres Vedras";"Outro";"Torres Vedras";"0,959 €";"AUCHAN";"GPL Auto";"2026-08-04 08:55";"Lisboa";"Rua António Alves Ferreira, Nº 2 ";"Torres Vedras";"2560-256";39.10158;-9.254366
"AUCHAN Canidelo";"Outro";"Vila Nova de Gaia";"0,869 €";"AUCHAN";"GPL Auto";"2026-08-04 08:55";"Porto";"Rua do Emissor, 236-238 Canidelo";"Vila Nova de Gaia";"4400-436";41.130836;-8.646461
"AUCHAN Coimbra";"Outro";"Coimbra";"0,889 €";"AUCHAN";"GPL Auto";"2026-08-04 08:55";"Coimbra";"Rua Ferrer Correia (Estrada das Beiras)";"Coimbra";"3030-329";40.189957;-8.401005
"AUCHAN Vila Real";"Outro";"Vila Real";"0,919 €";"AUCHAN";"GPL Auto";"2026-08-04 08:55";"Vila Real";"Rua Dr. Otílio Figueiredo";"Vila Real";"5000-587";41.29717;-7.736542
"AUCHAN Coina";"Outro";"Barreiro";"0,869 €";"AUCHAN";"GPL Auto";"2026-08-04 08:55";"Setúbal";"EN 10  Km 18,5";"Coina";"2830-411";38.58063;-9.041657
"AUCHAN Eiras";"Outro";"Coimbra";"0,889 €";"AUCHAN";"GPL Auto";"2026-08-04 08:55";"Coimbra";"Ribeira de Eiras";"Coimbra";"3020-322";40.25461;-8.429237
"AUCHAN Lagoa";"Outro";"Lagoa";"0,939 €";"AUCHAN";"GPL Auto";"2026-08-04 08:55";"Faro";"EN 125 - Sitio da Bemposta";"Bemposta";"8400-701";37.136505;-8.463485
"AUCHAN Famalicão";"Outro";"Vila Nova de Famalicão";"0,869 €";"AUCHAN";"GPL Auto";"2026-08-04 08:55";"Braga";" EN 206 Av.do Brasil lote, nº2 ";"Vila Nova de Famalicão";"4760-010";41.411793;-8.512639
"AUCHAN Faro";"Outro";"Faro";"0,869 €";"AUCHAN";"GPL Auto";"2026-08-04 08:55";"Faro";"Av. Cidade Hayward ";"Faro";"8000-074";37.02634;-7.916969
"AUCHAN Paço de Arcos";"Área comercial (Hipermercados)";"Oeiras";"0,899 €";"AUCHAN";"GPL Auto";"2026-08-04 08:55";"Lisboa";"Estrada Paço de Arcos Lote 2";"Paço de Arcos";"2770-129";38.70494;-9.293772
"AUCHAN Setúbal (Alegro)";"Outro";"Setúbal";"0,899 €";"AUCHAN";"GPL Auto";"2026-08-04 08:55";"Setúbal";"Rua Nova Sintra, Lote 18, Azeda";"Setúbal";"2910-039";38.538197;-8.878284
"AUCHAN  Vila do Conde";"Área comercial (Hipermercados)";"Vila do Conde";"0,869 €";"AUCHAN";"GPL Auto";"2026-08-04 08:55";"Porto";"Rua Aristides Sousa Mendes, Lote 2 4480-732  Vila do Conde";"Vila do Conde";"4480-732";41.36259;-8.744403
"REPSOL SOURE I";"Outro";"Soure";"0,944 €";"REPSOL";"GPL Auto";"2026-08-04 09:00";"Coimbra";"Cruz-Nova";"Soure";"3130-200";40.064014;-8.618356
"COOP. AGR. DE SANTO TIRSO E TROFA";"Outro";"Santo Tirso";"0,866 €";"REPSOL";"GPL Auto";"2026-08-04 09:15";"Porto";"Rua Major Dinis, 106";"Santa Cristina Couto";"4780-200";41.334717;-8.480655
"GALP VILA FRANCA XIRA";"Outro";"Vila Franca de Xira";"0,944 €";"GALP";"GPL Auto";"2026-08-04 09:20";"Lisboa";"EN 1 Km 24,7";"Povos";"2600-000";38.965427;-8.983408
"COMBSANTOS  PINDELO DE SILGUEIROS";"Outro";"Viseu";"0,979 €";"NOVA";"GPL Auto";"2026-08-04 09:25";"Viseu";"AV. JOÃO PADEIRO";"Pindelo";"3500-543";40.57759;-7.94474
"CASP - ÁREA DE SERVIÇO PORTAS DO CÁVADO, LDA.";"Outro";"Barcelos";"0,993 €";"FREITAS";"GPL Auto";"2026-08-04 10:05";"Braga";"Av. das Pontes 153, Tamel S. Veríssimo (EN 205 Km 600) ";"Tamel S. Veríssimo";"4750-754";41.535347;-8.601057
"PETRO BASTO ENERGIA -  Cabeceira de Basto";"Outro";"Cabeceiras de Basto";"0,999 €";"PETRO BASTO";"GPL Auto";"2026-08-04 10:30";"Braga";"Rua Monsenhor Dr. António Tanque - PINHEIRO";"Refojos de Basto";"4860-401";41.50852;-7.994753
"AUCHAN Sintra";"Outro";"Sintra";"0,869 €";"AUCHAN";"GPL Auto";"2026-08-04 10:55";"Lisboa";"Rua francisco lyon de castro";"São Pedro";"2710-116";38.778625;-9.345505
"Auto Irmãos Ferreira,lda";"Outro";"Paços de Ferreira";"0,840 €";"OZ Energia";"GPL Auto";"2026-08-04 11:55";"Porto";"Travessa de Ferreira do Fundo nº 9";"Ferreira";"4590-789";41.2637;-8.3679
"MONTE GORDO NORTE";"Outro";"Vila Real de Santo António";"0,999 €";"BP";"GPL Auto";"2026-08-04 11:55";"Faro";"EN 125 ALDEIA NOVA MONTE GORDO";"Aldeia Nova-Monte Gordo";"8900-441";37.18386;-7.46997
"GALP Marinha das Ondas (N/S) - POSIÇÃO 11674";"Outro";"Figueira da Foz";"0,954 €";"GALP";"GPL Auto";"2026-08-04 12:05";"Coimbra";"EN 109 - nº 176";"Marinha das Ondas";"3090-485";40.018032;-8.813965
"Repsol Ourém - GT Petro";"Outro";"Ourém";"0,974 €";"REPSOL";"GPL Auto";"2026-08-04 12:10";"Santarém";"Rua 1º de Dezembro, n.º 232";"Ourém";"2490-506";39.66291;-8.57091
"Petrovila - Combustíveis, Lda";"Outro";"Felgueiras";"0,999 €";"Genérico";"GPL Auto";"2026-08-04 12:10";"Porto";"Rua da Liberdade, S/N";"Airães";"4650-092";41.32086;-8.19268
"GALP Tourais (Seia)";"Outro";"Seia";"0,969 €";"GALP";"GPL Auto";"2026-08-04 12:20";"Guarda";"EN 231";"Tourais";"6270-581";40.46377;-7.753826
"POSTO DA CIDREIRA";"Outro";"Coimbra";"0,920 €";"CEPSA";"GPL Auto";"2026-08-04 12:25";"Coimbra";"EN.111-KM 35,100 - CIDREIRA";"CIDREIRA";"3025-300";40.24117;-8.48303
"Ouro Negro - Pombal - Poente";"Outro";"Pombal";"0,949 €";"Genérico";"GPL Auto";"2026-08-04 16:05";"Leiria";"EN 1 Km 159,8";"Pelariga";"3105-295";39.938229;-8.628914
"OURO NEGRO - Azambuja_Norte";"Outro";"Azambuja";"0,969 €";"Genérico";"GPL Auto";"2026-08-04 16:10";"Lisboa";"E.N. 3 - Km 10.250 ANTIGO CAMPO DA FEIRA";"Azambuja";"2050-319";39.065964;-8.876442
"PA Valverde - Alcanede";"Outro";"Santarém";"0,973 €";"Genérico";"GPL Auto";"2026-08-04 16:25";"Santarém";"Estrada Nacional Nº 362 Km25.4, Valverde";"Valverde";"2025-201";39.450424;-8.849353
"Ouro Negro - Almeirim";"Outro";"Almeirim";"0,949 €";"Genérico";"GPL Auto";"2026-08-04 16:45";"Santarém";"Zona Industrial de Almeirim, Lote 10";"Almeirim";"2080-221";39.19523;-8.62582
"SOCIEDADE AUTOMÓVEIS CRUZ DE CRISTO, LDA (1)";"Outro";"Alcobaça";"0,949 €";"GALP";"GPL Auto";"2026-08-04 18:10";"Leiria";"Av. General Humberto Delgado";"Alcobaça";"2460-052";39.55952;-8.97807
"Lusiadagás";"Outro";"Albufeira";"0,979 €";"LUSIADAGÁS";"GPL Auto";"2026-08-05 09:30";"Faro";"Planeta Azul - Estrada de Brejos, Montechoro - Albufeira";"Albufeira";"8200-999";37.10871;-8.231543
"Santos da Cunha 6 -  Logística e Transportes, Lda.";"Outro";"Braga";"0,934 €";"GALP";"GPL Auto";"2026-08-05 10:05";"Braga";"EN 14 - Av. João Paulo II";"Braga";"4715-034";41.551822;-8.40931
"GALP GAIA";"Outro";"Vila Nova de Gaia";"0,944 €";"GALP";"GPL Auto";"2026-08-05 10:10";"Porto";"Av. Vasco da Gama nº 1538";"Oliveira do Douro";"4430-247";41.11363;-8.59042
"MoitaSul";"Outro";"Moita";"0,965 €";"Genérico";"GPL Auto";"2026-08-05 12:25";"Setúbal";"Fazenda Do Costa - Carvalhinho";"Moita";"2860-707";38.64518;-8.97844
"PAGPL Marto Energias - Pedreiras";"Outro";"Porto de Mós";"0,907 €";"Genérico";"GPL Auto";"2026-08-05 15:55";"Leiria";"Estrada ladeira Pires nº49 Azoio";"Pedreiras";"2480-109";39.58782;-8.875652
"EULUPEPNEUS-UNIPESSOAL, LDA";"Outro";"Torres Novas";"0,940 €";"Genérico";"GPL Auto";"2026-08-05 16:20";"Santarém";"ESTRADA NACIONAL 3 - PONTE NOVA ( JUNTO AO TORRESHOPING )";"Ponte Nova";"2350-466";39.46501;-8.5258
"Espertocar, Lda.";"Outro";"Rio Maior";"0,979 €";"GALP";"GPL Auto";"2026-08-05 16:55";"Santarém";"E.N. 114, Km 49,6 ";"Rio Maior-Zona Industrial";"2040-000";39.31499;-8.92094
"Transforpel Combustíveis Calços Martingança";"Outro";"Alcobaça";"0,930 €";"TRANSFORPEL";"GPL Auto";"2026-08-05 19:10";"Leiria";"Av. Nossa Srª. da Nazaré, EN 242, Km 21";"Calços-Martingança";"2445-701";39.68448;-8.96818
"Transforpel Combustíveis Marinha Grande";"Outro";"Marinha Grande";"0,930 €";"TRANSFORPEL";"GPL Auto";"2026-08-05 19:15";"Leiria";"Zona Industrial da Embra";"Marinha Grande";"2430-091";39.750379;-8.904627
"Estação de Serviço Central";"Outro";"Setúbal";"0,954 €";"GALP";"GPL Auto";"2026-08-05 20:00";"Setúbal";"Av. Infante D. Henrique";"Setúbal";"2910-529";38.529193;-8.875492
"J. M. CORDEIRO, LDA.(1)";"Outro";"Santarém";"0,954 €";"GALP";"GPL Auto";"2026-08-06 11:05";"Santarém";"Rua O";"Santarém";"2000-000";39.237055;-8.703657
"J. M. CORDEIRO, LDA.(2)";"Outro";"Santarém";"0,954 €";"GALP";"GPL Auto";"2026-08-06 11:05";"Santarém";"Rua O";"Bica de São Domingos";"2000-000";39.23667;-8.7033
"PA CHAMAGÁS Gala (Morraceira)";"Outro";"Figueira da Foz";"0,919 €";"CHAMAGÁS";"GPL Auto";"2026-08-06 14:35";"Coimbra";"Rua Major Humberto Cruz - Morraceira";"Cova";"3090-707";40.13671;-8.847939
"REPSOL Vilar Formoso E0905";"Outro";"Almeida";"0,964 €";"REPSOL";"GPL Auto";"2026-08-07 08:15";"Guarda";"EN 16 (Av. Tílias)";"Vilar Formoso";"6355-339";40.61075;-6.83067
"PA Silveirinho";"Outro";"Penacova";"1,010 €";"Genérico";"GPL Auto";"2026-08-07 10:05";"Coimbra";"EN 2-3, km 3,400 - Silveirinho";"Silveirinho";"3360-259";40.30859;-8.192012
"ARM – Soc.Algarvia de Comb.lda";"Outro";"Portimão";"0,964 €";"GALP";"GPL Auto";"2026-08-07 11:00";"Faro";"EN 124-1 (V6)";"Alto do Quintão";"8500-000";37.130362;-8.54542
"BP vizela Rotunda";"Outro";"Vizela";"1,039 €";"BP";"GPL Auto";"2026-08-07 15:15";"Braga";"Rua Guilherme Caldas Peixoto";"Vizela";"4815-435";41.37069;-8.31226
"REPSOL Matosinhos - IP4";"Outro";"Matosinhos";"0,944 €";"REPSOL";"GPL Auto";"2026-08-08 00:00";"Porto";"PROLONGAMENTO DA AVENIDA REPÚBLICA, S/N";"Matosinhos";"4450-130";41.18254;-8.676889
"GALP Castro Daire - LDL Combustíveis, Lda";"Outro";"Castro Daire";"0,984 €";"GALP";"GPL Auto";"2026-08-08 00:10";"Viseu";"Avenida Maria Alcina Fadista, 1156";"Castro Daire";"3600-199";40.910305;-7.928194
"Galp- SOUSA & MARQUÊZ  (Horta das Figueiras- Évora)";"Outro";"Évora";"0,969 €";"GALP";"GPL Auto";"2026-08-08 14:10";"Évora";"Variante Ao Parque Industrial";"Évora";"7005-872";38.553825;-7.917911
"INTERMARCHÉ MINDE";"Outro";"Alcanena";"0,888 €";"INTERMARCHÉ";"GPL Auto";"2026-08-08 21:10";"Santarém";"RUA JOAO MARTINS";"MINDE";"2395-189";39.51281;-8.68554
"Teixeira & Martins, Automóveis, Lda., ";"Outro";"Esposende";"0,959 €";"GALP";"GPL Auto";"2026-08-09 00:00";"Braga";"EN 13 Km 43,15";"Gandra";"4740-475";41.52204;-8.7748
"CEPSA ÓRFÃOS -  I (Poente)";"Outro";"Braga";"0,939 €";"MOEVE";"GPL Auto";"2026-08-09 00:00";"Braga";"Av. Cónego Jorge Peixoto Coutinho- variante 14";"Braga";"4700-000";41.543404;-8.440024
"BP- S. Bartolomeu de Messines Área Sul/Norte 1100";"Outro";"Silves";"0,999 €";"BP";"GPL Auto";"2026-08-09 00:00";"Faro";"IC1 I.P.1c Lanço Messines-Guia Km4";"Barrocal";"8375-014";37.2299;-8.264495
"Ilídio Mota - Palmeira 2";"Outro";"Braga";"0,939 €";"MOEVE";"GPL Auto";"2026-08-09 00:00";"Braga";"Avenida Cávado 268";"Palmeira";"4700-690";41.59746;-8.428921
"A8 OBIDOS ( LEI / LIS ) POENTE";"Auto-estrada";"Óbidos";"0,979 €";"SHELL";"GPL Auto";"2026-08-09 01:15";"Leiria";"A8 Sub-Lanço Gaeiras  - Apartado 93";"Caldas da Rainha";"2500-000";39.38781;-9.14929
"A8 OBIDOS ( LIS / LEI ) NASCENTE";"Auto-estrada";"Óbidos";"0,979 €";"SHELL";"GPL Auto";"2026-08-09 01:15";"Leiria";"A8 Sub-Lanço Gaeiras  - Apartado 93";"Caldas da Rainha";"2500-000";39.38696;-9.15066
"Posto BP Aveiro Forca";"Outro";"Aveiro";"0,969 €";"BP";"GPL Auto";"2026-08-09 16:15";"Aveiro";"Av. Francisco Sá Carneiro Forca";"Aveiro";"3810-265";40.637491;-8.639779
"BP MEIXOMIL";"Outro";"Paços de Ferreira";"0,999 €";"BP";"GPL Auto";"2026-08-09 18:05";"Porto";"Av. do Marco, nº 197";"Meixomil";"4595-225";41.28255;-8.38731
"REPSOL Famalicao Sul";"Outro";"Vila Nova de Famalicão";"0,974 €";"REPSOL";"GPL Auto";"2026-08-09 19:00";"Braga";"Av D Afonso Henriques EN 14 km 24500 LE";"Vila Nova de Famalicão";"4760-281";41.38188;-8.53853
"COMBUSTIVEIS BAIRRADA LDA(2)";"Outro";"Oliveira do Bairro";"0,954 €";"GALP";"GPL Auto";"2026-08-09 21:00";"Aveiro";"EN 235 (O-E) Km 13,400";"Oiã";"3770-059";40.55081;-8.544742
"bp ribeirinho";"Outro";"Arcos de Valdevez";"0,999 €";"BP";"GPL Auto";"2026-08-09 21:05";"Viana do Castelo";"Rua Ponte Velha, n 25Ribeirinho";"Parada";"4970-272";41.859408;-8.42645
"PA PETROZONA São João da Madeira";"Outro";"São João da Madeira";"0,857 €";"Genérico";"GPL Auto";"2026-08-09 23:00";"Aveiro";"Rua Domingos Jose de Oliveira";"São João da Madeira";"3700-317";40.898796;-8.477838
"OZ ENERGIA - BOBADELA  (GPL Auto)";"Outro";"Loures";"0,969 €";"OZ Energia";"GPL Auto";"2026-08-09 23:50";"Lisboa";"Estrada Nacional 10, Km140";"Bobadela";"2695-444";38.807922;-9.094993
"OZ ENERGIA  - BARQUEIROS";"Outro";"Barcelos";"0,929 €";"OZ Energia";"GPL Auto";"2026-08-09 23:50";"Braga";"Estrada Nacional 205 - km 9";"Barqueiros";"4740-694";41.45777;-8.71975
"OZ ENERGIA - FEIJÓ";"Outro";"Almada";"0,969 €";"OZ Energia";"GPL Auto";"2026-08-09 23:50";"Setúbal";"Rua Joaquim Pires Jorge, nº19";"Feijó";"2810-000";38.65323;-9.16733
"OZ ENERGIA -  SETÚBAL";"Outro";"Setúbal";"0,949 €";"OZ Energia";"GPL Auto";"2026-08-09 23:50";"Setúbal";"Estrada da Varzinha";"Setúbal";"2900-657";38.547485;-8.883927
"PAGPL OZ ENERGIA -  PRIOR VELHO";"Outro";"Loures";"0,909 €";"OZ Energia";"GPL Auto";"2026-08-09 23:50";"Lisboa";"Rua José Fonseca Carvalho, 5";"Prior Velho";"2685-869";38.788727;-9.126718
"OZ ENERGIA -  MASSAMÁ";"Outro";"Sintra";"0,899 €";"OZ Energia";"GPL Auto";"2026-08-09 23:50";"Lisboa";"Rua Sebastião e Silva, LT E2, Massamá";"Queluz";"2745-838";38.750595;-9.275189
"OZ ENERGIA -  TERRUGEM";"Outro";"Sintra";"0,899 €";"OZ Energia";"GPL Auto";"2026-08-09 23:50";"Lisboa";"Avenida da Aviação Portuguesa, nº 110, Vila Verde - Terrugem";"Terrugem";"2705-845";38.835155;-9.358659
"OZ ENERGIA - CASTRO VERDE(Intermarché)";"Outro";"Castro Verde";"0,984 €";"OZ Energia";"GPL Auto";"2026-08-09 23:50";"Beja";"R. Seara Nova";"Castro Verde";"7780-163";37.70544;-8.08499
"OZ ENERGIA - PAÇO DE ARCOS";"Outro";"Oeiras";"0,929 €";"OZ Energia";"GPL Auto";"2026-08-09 23:50";"Lisboa";"Rua Calvet Magalhães, 145";"Paço de Arcos";"2770-228";38.710672;-9.2892
"OZ ENERGIA-PENAFIEL";"Outro";"Penafiel";"0,934 €";"OZ Energia";"GPL Auto";"2026-08-09 23:50";"Porto";"Av. Central de Guilhufe, nº388";"Guilhufe";"4560-131";41.19515;-8.305677
"CEPSA  Pinheiro da Bemposta";"Outro";"Oliveira de Azeméis";"0,996 €";"CEPSA";"GPL Auto";"2026-08-10 00:00";"Aveiro";"Rua de São Paio, 564";"Bemposta";"3720-463";40.7847;-8.491492
"E.S. ABRANTES";"Outro";"Abrantes";"0,964 €";"REPSOL";"GPL Auto";"2026-08-10 00:00";"Santarém";"AV. D. JOÃO I 3";"ABRANTES";"2200-494";39.472078;-8.195447
"E.S. ODEMIRA";"Outro";"Odemira";"1,024 €";"REPSOL";"GPL Auto";"2026-08-10 00:00";"Beja";"Av. Poole da Costa nº 49";"Odemira";"7630-000";37.59879;-8.64547
"E.S. MURÇA";"Outro";"Murça";"1,024 €";"REPSOL";"GPL Auto";"2026-08-10 00:00";"Vila Real";"Variante à EN 15";"Murça";"5090-000";41.40636;-7.45023
"E.S. PAREDE";"Outro";"Cascais";"0,944 €";"REPSOL";"GPL Auto";"2026-08-10 00:00";"Lisboa";"Av. Maristas";"Parede";"2775-000";38.69204;-9.34819
"E.S. GANDRA PAREDES";"Outro";"Paredes";"0,974 €";"REPSOL";"GPL Auto";"2026-08-10 00:00";"Porto";"EN 15-3 (Cruzamento da Rua do Negral C/ Rua Central da Ribeira)";"Campo";"4440-115";41.172061;-8.441431
"E.S. VILA REAL ABAMBRES";"Outro";"Vila Real";"0,984 €";"REPSOL";"GPL Auto";"2026-08-10 00:00";"Vila Real";"R. Gaspar Sameiro,  N 920 ";"Abambres";"5000-261";41.30531;-7.72257
"E.S. SANTA COMBA DAO";"Outro";"Santa Comba Dão";"0,944 €";"REPSOL";"GPL Auto";"2026-08-10 00:00";"Viseu";"R. Miguel Neves";"Santa Comba Dão";"3440-384";40.39775;-8.12854
"E.S. GUARDA SUL ROTUNDA";"Outro";"Guarda";"0,974 €";"REPSOL";"GPL Auto";"2026-08-10 00:00";"Guarda";"Av Veiga Simão, Parque Industrial da Guarda";"GUARDA";"6300-625";40.53441;-7.243571
"E.S. FATIMA";"Outro";"Ourém";"1,024 €";"REPSOL";"GPL Auto";"2026-08-10 00:00";"Santarém";"Estrada de Leiria, n.º148 - Lugar de Barradas";"Fátima";"2495-407";39.64321;-8.68515
"E.S. PONTE CHAMUSCA";"Outro";"Chamusca";"0,964 €";"REPSOL";"GPL Auto";"2026-08-10 00:00";"Santarém";"Ponte da Chamusca";"Ponte da Chamusca";"2140-000";39.37976;-8.45504
"BP Arruda dos Vinhos";"Outro";"Arruda dos Vinhos";"1,059 €";"BP";"GPL Auto";"2026-08-10 00:00";"Lisboa";"Quinta da Ponte e Costa";"Arruda dos Vinhos";"2634-909";38.98681;-9.07645
"E.S. VILA CHA";"Outro";"Barreiro";"0,974 €";"REPSOL";"GPL Auto";"2026-08-10 00:00";"Setúbal";"EM 510";"Lugar Vila Chã";"2835-490";38.636239;-9.044358
"E.S.FELGUEIRAS II";"Outro";"Felgueiras";"0,964 €";"REPSOL";"GPL Auto";"2026-08-10 00:00";"Porto";"Av. Dr. Ribeiro Magalhães";"Felgueiras";"4610-000";41.36054;-8.1927
"CEPSA  Oliveira de Azeméis";"Outro";"Oliveira de Azeméis";"0,916 €";"CEPSA";"GPL Auto";"2026-08-10 00:00";"Aveiro";"Av. Francisco Tavares, nº 11";"Oliveira de Azeméis";"3720-268";40.84614;-8.4687
"Repsol Abrunheira";"Outro";"Sintra";"0,944 €";"REPSOL";"GPL Auto";"2026-08-10 00:00";"Lisboa";"E. N. 249-4 km 1,0";"Algueirão";"2725-114";38.77212;-9.35447
"REPSOL - BRAGA - PISCINAS II";"Outro";"Braga";"0,944 €";"REPSOL";"GPL Auto";"2026-08-10 00:00";"Braga";"Av. Frei Bartolomeu dos Mártires (Circular)";"Braga";"4715-213";41.55135;-8.405958
"REPSOL Seia";"Outro";"Seia";"1,024 €";"REPSOL";"GPL Auto";"2026-08-10 00:00";"Guarda";"Avª Terras de Sena-Quintela-Seia";"Seia";"6270-485";40.4209;-7.712581
"CEPSA Gulpilhares";"Outro";"Vila Nova de Gaia";"0,996 €";"CEPSA";"GPL Auto";"2026-08-10 00:00";"Porto";"RUA SALVADOR BRANDÃO, GULPILHARES";"Vila Nova de Gaia";"4405-702";41.07038;-8.625255
"CEPSA  Vale de Cavalos";"Outro";"Chamusca";"0,916 €";"CEPSA";"GPL Auto";"2026-08-10 00:00";"Santarém";"Estrada Nacional 118, ao KM 88,345";"Vale de Cavalos";"2140-400";39.29211;-8.520625
"CEPSA CARVALHOS - PEDROSO";"Outro";"Vila Nova de Gaia";"0,996 €";"CEPSA";"GPL Auto";"2026-08-10 00:00";"Porto";"Av .Dr. Moreira de Sousa nº 2316";"Pedroso";"4415-382";41.056435;-8.567146
"CEPSA Aveiro  ZI";"Outro";"Aveiro";"0,916 €";"CEPSA";"GPL Auto";"2026-08-10 00:00";"Aveiro";"Rua João Francisco do Casal, 122";"Aveiro";"3800-264";40.65145;-8.61118
"E.S. LIXA";"Outro";"Amarante";"0,964 €";"REPSOL";"GPL Auto";"2026-08-10 00:00";"Porto";"Av. Alto da Lixa nº 562";"Lixa";"4615-013";41.31519;-8.1391
"GALP Carnaxide (Qta. do Minote)";"Outro";"Oeiras";"0,939 €";"GALP";"GPL Auto";"2026-08-10 00:00";"Lisboa";"Rua Sertório Monte Pereira, 2 - Zona Industrial da Outurela";"Carnaxide";"2794-051";38.72214;-9.219003
"Galp Barreiro";"Outro";"Barreiro";"0,954 €";"GALP";"GPL Auto";"2026-08-10 00:00";"Setúbal";"Av. Manuel dos Santos Cabanas";"Lavradio";"2835-000";38.656499;-9.053564
"PRIO ERMESINDE Sta. Rita";"Outro";"Valongo";"0,939 €";"PRIO";"GPL Auto";"2026-08-10 00:00";"Porto";"Avenida José Joaquim Ribeiro Teles, nº 280";"Ermesinde";"4445-656";41.20849;-8.54186
"BP - Oeiras (Cacilhas )";"Outro";"Oeiras";"0,969 €";"BP";"GPL Auto";"2026-08-10 00:00";"Lisboa";"Rua do Colégio Militar";"Lugar de Cacilhas";"2780-239";38.70222;-9.30844
"E.S. AVELAR";"Outro";"Ansião";"0,974 €";"REPSOL";"GPL Auto";"2026-08-10 00:00";"Leiria";"Rua das Cinco Vilas";"Avelar";"3240-306";39.92142;-8.36953
"A23 ABRANTES (ABR/LIS)";"Auto-estrada";"Abrantes";"0,976 €";"MOEVE";"GPL Auto";"2026-08-10 00:00";"Santarém";"A 23, KM 44, SUB-LANÇO ABRANTES - MOURISCAS, APT. 70";"Abrantes";"2200-037";39.4857;-8.158823
"A23 ABRANTES (LIS/ABR)";"Auto-estrada";"Abrantes";"0,976 €";"MOEVE";"GPL Auto";"2026-08-10 00:00";"Santarém";"A 23, KM 44, SUB-LANÇO ABRANTES - MOURISCAS, APT. 70";"Abrantes";"2200-006";39.485092;-8.155059
"A23 CASTELO BRANCO (ABR/CBR)";"Auto-estrada";"Castelo Branco";"0,976 €";"MOEVE";"GPL Auto";"2026-08-10 00:00";"Castelo Branco";"A23, KM 127, SUBLANÇO CASTELO BRANCO, APT. 86";"Alcains";"6005-999";39.88772;-7.487027
"A23 CASTELO BRANCO (CBR/ABR)";"Auto-estrada";"Castelo Branco";"0,976 €";"MOEVE";"GPL Auto";"2026-08-10 00:00";"Castelo Branco";"A23, KM 127, SUBLANÇO CASTELO BRANCO, APT. 86";"Alcains";"6005-999";39.88884;-7.48802
"A23 Fundão (C.B. / Fundão)";"Auto-estrada";"Fundão";"0,976 €";"MOEVE";"GPL Auto";"2026-08-10 00:00";"Castelo Branco";"A23, LANÇO KM 18,5 TEIXOSO ALQUERIA";"Fundão";"6230-198";40.190697;-7.486373
"A23 FUNDÃO (FND/CBR)";"Auto-estrada";"Fundão";"0,976 €";"MOEVE";"GPL Auto";"2026-08-10 00:00";"Castelo Branco";"A23, LANÇO KM 18,5 TEIXOSO ALQUERIA, APT. 370";"Alcaria";"6230-022";40.190334;-7.488123
"A28 VIANA DO CASTELO (POR/VNC)";"Auto-estrada";"Viana do Castelo";"0,976 €";"CEPSA";"GPL Auto";"2026-08-10 00:00";"Viana do Castelo";"A28 (ANTIGO IC 1), KM 372, VILA NOVA DE ANHA, APT. 52";"Barroselas";"4905-999";41.660305;-8.775702
"A28 VIANA DO CASTELO (VNC/POR)";"Auto-estrada";"Viana do Castelo";"0,976 €";"CEPSA";"GPL Auto";"2026-08-10 00:00";"Viana do Castelo";"A28 (ANTIGO IC 1), KM 372, VILA NOVA DE ANHA, APT. 52";"Barroselas";"4905-999";41.660038;-8.777017
"CEPSA - A3 Barcelos (POR/VAL)";"Auto-estrada";"Barcelos";"0,976 €";"CEPSA";"GPL Auto";"2026-08-10 00:00";"Braga";"A3 AUTO EST. PORTO/VALENÇA, SUB LANÇO BRAGA/EN201, (APARTADO 600, CP 4751)";"Alheira";"4750-058";41.603848;-8.550144
"CEPSA - A3 Barcelos (VAL/POR)";"Auto-estrada";"Barcelos";"0,976 €";"CEPSA";"GPL Auto";"2026-08-10 00:00";"Braga";"A3 AUTO EST. PORTO/VALENÇA, SUB LANÇO BRAGA/EN201, (APARTADO 600, CP 4751)";"Alheira";"4750-058";41.60596;-8.550696
"A6  ESTREMOZ (ELV/LIS)";"Auto-estrada";"Estremoz";"0,976 €";"CEPSA";"GPL Auto";"2026-08-10 00:00";"Évora";"A6, SUBLANÇO ÉVORA, KM 23, APARTADO 247";"Estremoz";"7100-108";38.8008;-7.660409
"A6 ESTREMOZ  (LIS/ELV)";"Auto-estrada";"Estremoz";"0,976 €";"CEPSA";"GPL Auto";"2026-08-10 00:00";"Évora";"A6, SUBLANÇO ÉVORA, KM 23, APARTADO 247";"Estremoz";"7100-108";38.79915;-7.660607
"Nunes, Alves & Filhos, Lda";"Outro";"Valongo";"0,944 €";"REPSOL";"GPL Auto";"2026-08-10 00:00";"Porto";"Rua São Vicente, 1194";"Alfena";"4445-210";41.225674;-8.530641
"E.S. PAÇOS DE FERREIRA II";"Outro";"Paços de Ferreira";"0,964 €";"REPSOL";"GPL Auto";"2026-08-10 00:00";"Porto";"Rua Recta de Gomil, 152";"Frazão";"4595-144";41.2611;-8.39889
"IP3 (CBR/VIS)";"Outro";"Santa Comba Dão";"0,976 €";"MOEVE";"GPL Auto";"2026-08-10 00:00";"Viseu";"IP 3, LANÇO CHAMADOURO - RAIVA (ANTIGA EN2), KM 222,100";"São Joaninho";"3440-070";40.348698;-8.172457
"PA CEPSA IP3 (Vis-Cbr)";"Outro";"Santa Comba Dão";"0,976 €";"MOEVE";"GPL Auto";"2026-08-10 00:00";"Viseu";"IP 3, LANÇO CHAMADOURO - RAIVA (ANTIGA EN2), KM 222,100";"Santa Comba Dão";"3440-308";40.349323;-8.172613
"Porto - Hosp. S. João";"Outro";"Porto";"0,916 €";"MOEVE";"GPL Auto";"2026-08-10 00:00";"Porto";"ESTRADA EXTERIOR DA CIRCUNVALAÇÃO Nº.7446 E 7448";"Porto";"4200-162";41.18306;-8.59851
"A33 LANÇADA (MOITA/MONTIJO)";"Auto-estrada";"Montijo";"1,016 €";"MOEVE";"GPL Auto";"2026-08-10 00:00";"Setúbal";"A33 - km 30,4";"Sarilhos Grandes";"2870-521";38.66354;-8.956911
"A33 LANÇADA (MONTIJO/MOITA)";"Auto-estrada";"Montijo";"1,016 €";"MOEVE";"GPL Auto";"2026-08-10 00:00";"Setúbal";"A33 - km 30,4";"Sarilhos Grandes";"2870-521";38.665188;-8.957188
"Anta - Espinho \"TOTAL\"";"Outro";"Espinho";"0,996 €";"CEPSA";"GPL Auto";"2026-08-10 00:00";"Aveiro";"Rua de Esmojães";"Esmojães - Anta";"4500-063";41.00042;-8.60527
"E.S. MARCO DE CANAVEZES";"Outro";"Marco de Canaveses";"1,004 €";"REPSOL";"GPL Auto";"2026-08-10 00:00";"Porto";"Av. Bombeiros Voluntários do Marco de Canavezes, 1002";"Marco de Canavezes";"4630-070";41.186696;-8.155601
"E.S. MACEIRINHA";"Outro";"Leiria";"0,964 €";"REPSOL";"GPL Auto";"2026-08-10 00:00";"Leiria";"EN 356 Km 5,625";"MACEIRINHA";"2405-026";39.67874;-8.90934
"E.S. OUREM  ";"Outro";"Ourém";"0,974 €";"REPSOL";"GPL Auto";"2026-08-10 00:00";"Santarém";"EN - 349   Rua 1º Dezembro";"OURÉM";"2490-506";39.66289;-8.570868
"E.S. CANAS DE SENHORIM";"Outro";"Nelas";"0,944 €";"REPSOL";"GPL Auto";"2026-08-10 00:00";"Viseu";"Rua da Estação - Lugar da Raposeira";"Canas de Senhorim";"3525-018";40.4961;-7.9047
"E.S. ESPOSENDE";"Outro";"Esposende";"0,964 €";"REPSOL";"GPL Auto";"2026-08-10 00:00";"Braga";"R. Comendador Rodrigo Leite";"Gandra - Esposende";"4740-473";41.530255;-8.76303
"E.S. LANÇO GRANDE";"Outro";"Castelo Branco";"0,979 €";"REPSOL";"GPL Auto";"2026-08-10 00:00";"Castelo Branco";"EN 233 ao Km 104,750";"Lanço Grande";"6000-067";39.857197;-7.459347
"CEPSA PENELA";"Outro";"Penela";"0,946 €";"CEPSA";"GPL Auto";"2026-08-10 00:00";"Coimbra";"Zona Industrial de Penela";"Zona Industrial";"3230-347";40.01569;-8.370878
"TroviEnergy - Combustiveis, lda";"Outro";"Macedo de Cavaleiros";"0,976 €";"CEPSA";"GPL Auto";"2026-08-10 00:00";"Bragança";"Zona Industrial da Amendoeira, Rotunda IP2.M15 (A4)";"Macedo de Cavaleiros";"5340-296";41.57081;-6.99394
"Posto  BP Bela Vista";"Outro";"Lisboa";"0,949 €";"BP";"GPL Auto";"2026-08-10 00:00";"Lisboa";"Av Marechal Antonio Spinola";"Lisboa";"1950-380";38.74944171;-9.10864097
"Galp Vila Amélia (14734)";"Outro";"Palmela";"0,944 €";"GALP";"GPL Auto";"2026-08-10 00:00";"Setúbal";"Estrada de Vila Amélia 36";"Vila Amélia";"2950-805";38.57211;-9.002291
"BP A2 SEIXAL";"Auto-estrada";"Seixal";"0,999 €";"BP";"GPL Auto";"2026-08-10 00:00";"Setúbal";"A. E. 2 Km 12 Sublanço Almada - Fogueteiro";"Torre da Marinha";"2840-000";38.622807;-9.134171
"Sociedade Combustiveis Silva do Vale, Ldª";"Outro";"Viana do Castelo";"0,984 €";"GALP";"GPL Auto";"2026-08-10 00:00";"Viana do Castelo";"Av. 25 de Abril";"Viana do Castelo";"4900-496";41.694361;-8.838212
"BP A1 Mealhada (Este)";"Auto-estrada";"Cantanhede";"0,999 €";"BP";"GPL Auto";"2026-08-10 00:00";"Coimbra";"A1 - Km 204 - Enxofães - Murtede";"Cantanhede";"3060-000";40.333233;-8.492696
"BP A1 Mealhada (Oeste)";"Auto-estrada";"Cantanhede";"0,999 €";"BP";"GPL Auto";"2026-08-10 00:00";"Coimbra";"A1 - Km 204 - Enxofães - Murtede";"Cantanhede";"3060-000";40.334175;-8.495814
"BP A1 Santarém (Este)";"Auto-estrada";"Santarém";"0,999 €";"BP";"GPL Auto";"2026-08-10 00:00";"Santarém";"A. E. 1 - Km 84";"";"2001-701";39.391315;-8.637829
"BP A1 Santarém (Oeste)";"Auto-estrada";"Santarém";"0,999 €";"BP";"GPL Auto";"2026-08-10 00:00";"Santarém";"A. E. 1 - Km 84";"";"2001-701";39.393482;-8.640076
"BP A-8 Nazaré Sentido Sul/Norte";"Auto-estrada";"Alcobaça";"0,999 €";"BP";"GPL Auto";"2026-08-10 00:00";"Leiria";"A8-Km 5,2 Sub-Lanço Valado";"Pataias";"2445-252";39.619507;-8.991134
"BP A-8 Nazaré Sentido Norte/Sul";"Auto-estrada";"Alcobaça";"0,999 €";"BP";"GPL Auto";"2026-08-10 00:00";"Leiria";"A8-Km 5,2 Sub-Lanço Pataias";"Pataias";"2445-252";39.621147;-8.991193
"AVEIRO (OESTE)";"Outro";"Aveiro";"0,969 €";"BP";"GPL Auto";"2026-08-10 00:00";"Aveiro";"EN 109 Km 57,8";"Aveiro";"3810-000";40.63187;-8.64133
"BP  Beja (Variante)";"Outro";"Beja";"0,999 €";"BP";"GPL Auto";"2026-08-10 00:00";"Beja";"Rua António Sardinha";"Beja";"7800-403";38.00986;-7.87449
"BP AEROPORTO";"Outro";"Lisboa";"0,949 €";"BP";"GPL Auto";"2026-08-10 00:00";"Lisboa";"Nova Rotunda Aeroporto de Lisboa - Av. de Berlim";"Lisboa";"1700-067";38.76924;-9.125385
"BP AV. PADRE CRUZ";"Outro";"Lisboa";"0,949 €";"BP";"GPL Auto";"2026-08-10 00:00";"Lisboa";"Av. Padre Cruz";"Lisboa";"1600-000";38.762511;-9.163239
"E.S. GUARDA - MILEU";"Outro";"Guarda";"0,974 €";"REPSOL";"GPL Auto";"2026-08-10 00:00";"Guarda";"Av. Cidade de Bejar";"Castelos Velhos";"6300-373";40.54162;-7.2607
"E.S. POMBAL CENTRO";"Outro";"Pombal";"0,964 €";"REPSOL";"GPL Auto";"2026-08-10 00:00";"Leiria";"EN 1";"Alto do Cabaço";"3100-000";39.922311;-8.629056
"E.S. S. JORGE BATALHA A";"Outro";"Batalha";"0,964 €";"REPSOL";"GPL Auto";"2026-08-10 00:00";"Leiria";"IC2, nº10, Casal da Amieira";"Batalha";"2440-477";39.64325;-8.843011
"E.S. COVA FAIAS B";"Outro";"Leiria";"0,964 €";"REPSOL";"GPL Auto";"2026-08-10 00:00";"Leiria";"EN 1 (IC2)";"Cova das Faias";"2420-354";39.767417;-8.775519
"E.S. ALBERGARIA";"Outro";"Marinha Grande";"0,964 €";"REPSOL";"GPL Auto";"2026-08-10 00:00";"Leiria";"EN 242  Km 8,5 (Av Nª Srª Nazaré)";"Albergaria";"2430-011";39.7454;-8.89058
"E.S. CALDAS DA RAINHA";"Outro";"Caldas da Rainha";"0,964 €";"REPSOL";"GPL Auto";"2026-08-10 00:00";"Leiria";"EN 360 ( Nó de Lig. ao IC1)Águas Santas";"Sto Ónofre - Águas Santas";"2500-256";39.40614;-9.15249
"E.S. PORTO DE MOS";"Outro";"Porto de Mós";"1,004 €";"REPSOL";"GPL Auto";"2026-08-10 00:00";"Leiria";"EN 243";"Várzea StºAntónio";"2480-170";39.59649;-8.81717
"E.S. S. JOAO MADEIRA II";"Outro";"São João da Madeira";"0,954 €";"REPSOL";"GPL Auto";"2026-08-10 00:00";"Aveiro";"Av. Dr. Renato Araújo";"São João da Madeira";"3700-000";40.89171;-8.49362
"E.S. CREIXOMIL";"Outro";"Guimarães";"0,944 €";"REPSOL";"GPL Auto";"2026-08-10 00:00";"Braga";"EN 206 - R JOAQUIM RIBEIRO MOURA";"Guimarães";"4835-015";41.43987;-8.32216
"E.S. FROSSOS";"Outro";"Braga";"0,944 €";"REPSOL";"GPL Auto";"2026-08-10 00:00";"Braga";"EN 201 Km 62,8";"Lugar de Carreiro";"4700-000";41.56547;-8.45018
"E.S. TAIPAS";"Outro";"Guimarães";"0,944 €";"REPSOL";"GPL Auto";"2026-08-10 00:00";"Braga";"Lugar Porta da Igrejas. Martinho de Sande";"Caldas das Taípas";"4800-826";41.494;-8.36231
"E.S. SERTÃ";"Outro";"Sertã";"0,979 €";"REPSOL";"GPL Auto";"2026-08-10 00:00";"Castelo Branco";"Estrada Vila de Rei ";"Sertã - Cumeada";"6100-732";39.773658;-8.109689
"E.S. CONDEIXA A";"Outro";"Coimbra";"0,944 €";"REPSOL";"GPL Auto";"2026-08-10 00:00";"Coimbra";"EN 1";"Condeixa";"3150-000";40.1259;-8.48953
"E.S. CERCADO B";"Outro";"Loulé";"0,974 €";"REPSOL";"GPL Auto";"2026-08-10 00:00";"Faro";"EN 125-CERCADO";"Loulé";"8100-287";37.10323;-8.07321
"E.S. OLHAO";"Outro";"Olhão";"0,944 €";"REPSOL";"GPL Auto";"2026-08-10 00:00";"Faro";"EN 125";"Brancanes";"8700-207";37.030327;-7.850788
"BP CORROIOS";"Outro";"Seixal";"0,964 €";"BP";"GPL Auto";"2026-08-10 00:00";"Setúbal";"EN 10 Km 5,9";"Corroios";"2855-000";38.639392;-9.150164
"E.S. MEALHADA A";"Outro";"Mealhada";"1,024 €";"REPSOL";"GPL Auto";"2026-08-10 00:00";"Aveiro";"EN 1 Km 217,2";"Porto Seixo";"3050-000";40.364032;-8.453945
"E.S. S. JOAO MADEIRA Z.IND.";"Outro";"São João da Madeira";"0,954 €";"REPSOL";"GPL Auto";"2026-08-10 00:00";"Aveiro";"Rua Domingos José Oliveira, s/n";"São João da Madeira";"3700-317";40.89818;-8.479
"Supremotiv, Lda";"Outro";"Loulé";"0,926 €";"MOEVE";"GPL Auto";"2026-08-10 00:00";"Faro";"Zona Industrial Lt-1";"Loulé";"8100-272";37.129475;-8.039609
"CEPSA GUEIFAES";"Outro";"Maia";"0,916 €";"CEPSA";"GPL Auto";"2026-08-10 00:00";"Porto";"Avenida Dr. Germano Vieira, 559";"Maia";"4470-006";41.21748;-8.604181
"E.S. SINES";"Outro";"Sines";"1,004 €";"REPSOL";"GPL Auto";"2026-08-10 00:00";"Setúbal";"Av. General Humberto Delgado M-N-O";"Sines";"7520-000";37.95812;-8.86573
"E.S. PONTE DE LIMA B";"Outro";"Ponte de Lima";"0,964 €";"REPSOL";"GPL Auto";"2026-08-10 00:00";"Viana do Castelo";"EN 201 Km 0,76/0,826";"S. Gonçalo - Arcozelo";"4990-120";41.76622;-8.5945
"E.S. CHAVES II";"Outro";"Chaves";"1,004 €";"REPSOL";"GPL Auto";"2026-08-10 00:00";"Vila Real";"Av. Santo Amaro, S/N";"Chaves";"5400-000";41.7395;-7.4761
"E.S. VISEU-AV CAP H RIBEIRO";"Outro";"Viseu";"0,964 €";"REPSOL";"GPL Auto";"2026-08-10 00:00";"Viseu";"Av. Capitão Homem Ribeiro";"Viseu";"3500-000";40.66386;-7.91913
"E.S. MANGUALDE";"Outro";"Mangualde";"0,994 €";"REPSOL";"GPL Auto";"2026-08-10 00:00";"Viseu";"IP 5";"Lavandeira";"3530-000";40.61653;-7.75982
"E.S. SEQUEIROS";"Outro";"Lousada";"0,944 €";"REPSOL";"GPL Auto";"2026-08-10 00:00";"Porto";"AVENIDA DE SEQUEIROS, 940";"Lodares";"4620-226";41.23925;-8.306453
"E.S. VALONGO";"Outro";"Valongo";"0,964 €";"REPSOL";"GPL Auto";"2026-08-10 00:00";"Porto";"Rua Fonsecas Dias nº 291";"Valongo";"4440-000";41.1857638888889;-8.48685555555556
"E.S. SANTAREM";"Outro";"Santarém";"0,964 €";"REPSOL";"GPL Auto";"2026-08-10 00:00";"Santarém";"Rua O";"Variante E.N 114";"2000-630";39.24329;-8.69662
"E.S. ALMEIRIM";"Outro";"Almeirim";"0,964 €";"REPSOL";"GPL Auto";"2026-08-10 00:00";"Santarém";"Rua Coruche";"Frente Paça de Touros";"2080-000";39.20197;-8.62803
"E.S. MONTIJO I";"Outro";"Montijo";"0,964 €";"REPSOL";"GPL Auto";"2026-08-10 00:00";"Setúbal";"Av. Olivença (Circular)";"Montijo";"2870-000";38.71226;-8.96557
"E.S. ESTORIL";"Outro";"Cascais";"0,954 €";"REPSOL";"GPL Auto";"2026-08-10 00:00";"Lisboa";"Av. Conde de Barcelona";"Estoril";"2775-000";38.7142;-9.38999
"E.S. LEIAO";"Outro";"Oeiras";"0,954 €";"REPSOL";"GPL Auto";"2026-08-10 00:00";"Lisboa";"Variante à EN 249-3";"Leião";"2780-000";38.72953;-9.30175
"E.S. ALVERCA";"Outro";"Vila Franca de Xira";"0,944 €";"REPSOL";"GPL Auto";"2026-08-10 00:00";"Lisboa";"AV DO MARCO DA IV LEGUA 17";"Alverca";"2615-000";38.90655;-9.032439
"E.S. PORTALEGRE";"Outro";"Portalegre";"0,964 €";"REPSOL";"GPL Auto";"2026-08-10 00:00";"Portalegre";"Rua Mestre João Serra Lt. D";"Zona Industrial";"7300-069";39.26658;-7.43713
"A.S. CAIA B";"Auto-estrada";"Elvas";"0,964 €";"REPSOL";"GPL Auto";"2026-08-10 00:00";"Portalegre";"IP 7/A 6 Km 4,5";"ELVAS";"7350-443";38.883633333;-7.048736111
"E.S. ERMESINDE";"Outro";"Valongo";"0,944 €";"REPSOL";"GPL Auto";"2026-08-10 00:00";"Porto";"Rua Elias Garcia nº 460";"Ermesinde";"4445-413";41.220761;-8.558206
"E.S. TROFA";"Outro";"Trofa";"0,944 €";"REPSOL";"GPL Auto";"2026-08-10 00:00";"Porto";"RUA DAS INDUSTRIAS 655";"Trofa";"4785-624";41.32683;-8.56734
"E.S. GAIA I";"Outro";"Vila Nova de Gaia";"0,944 €";"REPSOL";"GPL Auto";"2026-08-10 00:00";"Porto";"V8";"Candal";"4400-663";41.137317;-8.628375
"E.S. PENAFIEL CIRCULAR";"Outro";"Penafiel";"0,964 €";"REPSOL";"GPL Auto";"2026-08-10 00:00";"Porto";"Bouça Grande";"Milhundos";"4560-232";41.203603;-8.27085
"E.S. A-DOS-CUNHADOS";"Outro";"Torres Vedras";"0,989 €";"REPSOL";"GPL Auto";"2026-08-10 00:05";"Lisboa";"Rua 8 Setembro";"Á-dos-Cunhados";"2560-063";39.14572;-9.2822
"COIMBRA - PEDRULHA";"Outro";"Coimbra";"0,999 €";"BP";"GPL Auto";"2026-08-10 00:05";"Coimbra";"Rotunda da Pedrulha";"Coimbra-Cabeço da Romeira";"3020-000";40.238182;-8.43772
"BP FÃO";"Outro";"Esposende";"0,999 €";"BP";"GPL Auto";"2026-08-10 00:05";"Braga";"EN 13 Km 40,5 (Av. S. Cristóvão) ";"Fão";"4740-321";41.504212;-8.762344
"PENICHE - AV. MONS. BASTOS";"Outro";"Peniche";"0,979 €";"BP";"GPL Auto";"2026-08-10 00:05";"Leiria";"Av. Monsenhor Bastos";"Peniche";"2520-000";39.353305;-9.362397
"BP TERROSO";"Outro";"Póvoa de Varzim";"0,949 €";"BP";"GPL Auto";"2026-08-10 00:05";"Porto";"Rua da Estrada Nova nº 837";"Terroso";"4495-524";41.41102;-8.73914
"TORRES VEDRAS";"Outro";"Torres Vedras";"0,999 €";"BP";"GPL Auto";"2026-08-10 00:05";"Lisboa";"Rotunda de Arenes (Ligação à A8)";"Torres Vedras";"2560-000";39.099525;-9.24887
"BP MINDELO";"Outro";"Vila do Conde";"0,949 €";"BP";"GPL Auto";"2026-08-10 00:05";"Porto";"Estrada Nacional 13, KM 16.500";"Mindelo";"4485-470";41.3067;-8.70315
"PETROPOSTOS COMERCIO DE COMBUSTIVEIS LDA";"Outro";"Coimbra";"0,934 €";"GALP";"GPL Auto";"2026-08-10 00:05";"Coimbra";"Circular Externa de Coimbra";"Coimbra- Ribeira de Coselhas";"3000-125";40.22189;-8.43117
"G. M. I - VERMOIM- V. N. DE FAMALICÃO";"Outro";"Vila Nova de Famalicão";"0,889 €";"Genérico";"GPL Auto";"2026-08-10 00:05";"Braga";"Av. João XXI";"Vermoim";"4770-754";41.42127;-8.4415
"Área de Serviço de Grandola A Norte - Sul";"Auto-estrada";"Grândola";"1,014 €";"REPSOL";"GPL Auto";"2026-08-10 00:05";"Setúbal";"A2 Km 111,0 Sublanço Grândola Norte / Grândola Sul";"Grândola";"7570-512";38.16753;-8.492921
"BP - Seixal Fogueteiro";"Outro";"Seixal";"0,964 €";"BP";"GPL Auto";"2026-08-10 00:05";"Setúbal";"Interface Seixal";"Casal do Marco - Fogueteiro";"2840-432";38.60971;-9.09919
"BP PALMELA";"Outro";"Palmela";"0,979 €";"BP";"GPL Auto";"2026-08-10 00:05";"Setúbal";"E. N. 379 Bombas\r\nLage-S.Julião";"Volta da Pedra - Palmela";"2950-302";38.57734;-8.89189
"Posto Rainha da Feira, Lda";"Outro";"Santa Maria da Feira";"0,969 €";"GALP";"GPL Auto";"2026-08-10 00:05";"Aveiro";"Zona Industrial do Roligo";"Espargo";"4520-112";40.92342;-8.56923
"BP SALGUEIROS";"Outro";"Porto";"0,969 €";"BP";"GPL Auto";"2026-08-10 00:05";"Porto";"Rua Particular de Monsanto, 162-192";"Amial";"4250-360";41.17346;-8.61664
"Posto GALP Lousã EN342  - Anibal Antunes Bandeira, Lda ";"Outro";"Lousã";"0,969 €";"GALP";"GPL Auto";"2026-08-10 00:05";"Coimbra";"EN 342 ao Km 8,75 (Variante Lousã-Miranda do Corvo)";"Zona Industrial do Alto do Padrão";"3200-133";40.11746;-8.28732
"VENDEIRO BALAZAR NASCENTE";"Outro";"Póvoa de Varzim";"0,899 €";"BP";"GPL Auto";"2026-08-10 00:05";"Porto";"Rua da Fabrica 343";"Balazar";"4570-029";41.414955;-8.648844
"REPSOL Armamar";"Outro";"Armamar";"1,024 €";"REPSOL";"GPL Auto";"2026-08-10 00:05";"Viseu";"LUGAR BICA DO HOSPITAL";"Armamar";"5110-152";41.097977;-7.685744
"MOEVE Viana do Castelo - Cardielos";"Outro";"Viana do Castelo";"0,986 €";"MOEVE";"GPL Auto";"2026-08-10 00:05";"Viana do Castelo";"EN 202, Km 7550 - Lugar do Porto";"Cardielos";"4925-347";41.71166;-8.742154
"REPSOL Maia - Padrão da Moreira";"Outro";"Maia";"0,944 €";"REPSOL";"GPL Auto";"2026-08-10 00:05";"Porto";"Rua Conselheiro Luis Magalhães  ";"Maia";"4470-616";41.24609;-8.648967
"REPSOL Paços de Ferreira";"Outro";"Paços de Ferreira";"0,964 €";"REPSOL";"GPL Auto";"2026-08-10 00:05";"Porto";"Via do Poder Local, S/N";"Paços de Ferreira";"4590-930";41.26708;-8.37683
"BP - Meinedo";"Outro";"Lousada";"0,969 €";"BP";"GPL Auto";"2026-08-10 00:05";"Porto";"Av. Magneto, 980";"Meinedo";"4620-350";41.24876;-8.25595
"REPSOL A2 Grândola (ALG/LIS)";"Auto-estrada";"Grândola";"1,014 €";"REPSOL";"GPL Auto";"2026-08-10 00:10";"Setúbal";"A2 Km 111 Sublanço Grandola Sul - Grandola";"Grândola";"7570-512";38.167145;-8.490486
"ES  REPSOL Évora - Chafariz D'El Rei";"Outro";"Évora";"0,974 €";"REPSOL";"GPL Auto";"2026-08-10 00:10";"Évora";"E.N. 18, Largo Chaf.D`El Rei ";"";"7000-002";38.566532;-7.902219
"AS V. NOVAS NORTE (A) - Gespost - Gestão e Administração de Postos de Abastecimento Unipessoal LDA";"Auto-estrada";"Vendas Novas";"1,014 €";"REPSOL";"GPL Auto";"2026-08-10 00:10";"Évora";"A6 Km 5,5 Vendas Novas";"Vendas Novas";"7080-011";38.62257;-8.57766
"AS ANTUÃ B - Gespost - Gestão e Administração de Postos de Abastecimento Unipessoal LDA";"Auto-estrada";"Estarreja";"1,014 €";"REPSOL";"GPL Auto";"2026-08-10 00:15";"Aveiro";"A1.  Ao Km. 255 - Antua ";"";"3850-909";40.75632;-8.537286
"AS PENAFIEL B - Gespost - Gestão e Administração de Postos de Abastecimento Unipessoal LDA";"Auto-estrada";"Penafiel";"1,014 €";"REPSOL";"GPL Auto";"2026-08-10 00:15";"Porto";"A4 Sub Lanço Penafiel-Amarante Km 47.5  Castelões";"Castelões";"4560-055";41.23311;-8.17954
"AS PENAFIEL A - Gespost - Gestão e Administração de Postos de Abastecimento Unipessoal LDA";"Auto-estrada";"Penafiel";"1,014 €";"REPSOL";"GPL Auto";"2026-08-10 00:15";"Porto";"A4 Sub Lanço Penafiel-Amarante Km 47.5  Castelões";"Castelões";"4560-055";41.23329;-8.17894
"A S GAIA B - Gespost - Gestão e Administração de Postos de Abastecimento Unipessoal LDA";"Auto-estrada";"Vila Nova de Gaia";"1,014 €";"REPSOL";"GPL Auto";"2026-08-10 00:20";"Porto";"A1 ao Km 295 Sul/Norte ";"Vila Nova de Gaia";"4430-129";41.101135;-8.597706
"AS ANTUÃ A - Gespost - Gestão e Administração de Postos de Abastecimento Unipessoal LDA";"Auto-estrada";"Estarreja";"1,014 €";"REPSOL";"GPL Auto";"2026-08-10 00:20";"Aveiro";"A1.  Ao Km. 254 - Antua ";"";"3850-909";40.754807;-8.534985
"E.S. VALENCA";"Outro";"Valença";"0,964 €";"REPSOL";"GPL Auto";"2026-08-10 00:25";"Viana do Castelo";"EN 13 Km 117 FAVAIS - ARÃO";"Arão- Valença";"4930-002";42.015051;-8.638627
"Carrasquinho & Filhos - Tunes";"Outro";"Silves";"0,949 €";"CARRASQUINHO & FILHOS";"GPL Auto";"2026-08-10 00:25";"Faro";"Travessa Poeta António Aleixo\r\n";"Tunes-Gateiras ou Amendoais";"8365-231";37.16909;-8.26132
"Carrasquinho & Filhos - Vale Parra - Norte";"Outro";"Albufeira";"0,949 €";"CARRASQUINHO & FILHOS";"GPL Auto";"2026-08-10 00:30";"Faro";"EM 526";"Vale Parra - Guia";"8200-427";37.09515;-8.30434
"E.S. STA. MARTA CORROIOS";"Outro";"Seixal";"0,964 €";"REPSOL";"GPL Auto";"2026-08-10 00:40";"Setúbal";"Av. Rui Gracio";"Stª Marta do Pinhal";"2855-577";38.633119;-9.149581
"ES CASA PIA - Gespost - Gestão e Administração de Postos de Abastecimento Unipessoal LDA";"Outro";"Lisboa";"0,944 €";"REPSOL";"GPL Auto";"2026-08-10 00:40";"Lisboa";"Rotunda Pina Manique  ";"Lisboa";"1500-462";38.739;-9.202767
"PRIO Guia";"Outro";"Pombal";"0,899 €";"PRIO";"GPL Auto";"2026-08-10 01:15";"Leiria";"EN 109 Km 145,5";"Lagoa da Guia";"3105-099";39.9373094559;-8.79688332094
"PRIO Vale de Cambra";"Outro";"Vale de Cambra";"0,899 €";"PRIO";"GPL Auto";"2026-08-10 01:15";"Aveiro";"Av. Do Caima, nº 750 São Pedro de Castelões  - Vale de Cambra";"Vale de Cambra";"3730-202";40.842354;-8.395429
"PRIO Gafanha da Nazaré - Av Bacalhoeiros";"Outro";"Ílhavo";"0,889 €";"PRIO";"GPL Auto";"2026-08-10 01:15";"Aveiro";"Av. dos Bacalhoeiros";"Gafanha da Nazaré";"3800-000";40.634082;-8.691465
"P12 - PRIO Porto - Estrada Circunvalação";"Outro";"Porto";"0,889 €";"PRIO";"GPL Auto";"2026-08-10 01:15";"Porto";"Estrada Interior da Circunvalação n.º 10783 e 10853";"Porto";"4250-252";41.180435;-8.635366
"PRIO Avanca";"Outro";"Estarreja";"0,909 €";"PRIO";"GPL Auto";"2026-08-10 01:15";"Aveiro";"E.N. 109 KM 41,6 - Valada - Avanca";"Avanca";"3860-000";40.8091;-8.57279
"P14 - PRIO  Fuselha - Prado";"Outro";"Vila Verde";"0,899 €";"PRIO";"GPL Auto";"2026-08-10 01:15";"Braga";"EN 201 - Lugar da Fuzelha";"Fuselha";"4730-461";41.612976;-8.472045
"PRIO  Arroja";"Outro";"Odivelas";"0,879 €";"PRIO";"GPL Auto";"2026-08-10 01:15";"Lisboa";"Av. Acácias/R. Sara Afonso, Lote 10";"ARROJA, FAMÕES";"1685-655";38.79903;-9.19697
"PRIO Fernão Ferro";"Outro";"Seixal";"0,889 €";"PRIO";"GPL Auto";"2026-08-10 01:15";"Setúbal";"EN 378, km 9+800";"Fernão Ferro";"2865-300";38.559606;-9.100747
"PRIO A16 - Sintra - Ranholas (poente)";"Auto-estrada";"Sintra";"0,889 €";"PRIO";"GPL Auto";"2026-08-10 01:15";"Lisboa";"A16 Lanço Lourel (IC16) / Ranholas (IC19) km 9,500 Lado Poente";"Sintra";"2710-738";38.79298;-9.35923
"PRIO Alta de Lisboa";"Outro";"Lisboa";"0,889 €";"PRIO";"GPL Auto";"2026-08-10 01:15";"Lisboa";"Estrada Forte da Ameixoeira, Lote 29.1, Urbanização Alto do Lumiar\t\t\t\t\t\t\t";"Lisboa";"1750-114";38.7880851;-9.1470678
"PRIO Vialonga";"Outro";"Vila Franca de Xira";"0,879 €";"PRIO";"GPL Auto";"2026-08-10 01:15";"Lisboa";"R 1º de Maio, Junqueira, Vialonga";"Vialonga";"2625-717";38.8604472;-9.1135722
"PRIO Póvoa do Varzim";"Outro";"Póvoa de Varzim";"0,889 €";"PRIO";"GPL Auto";"2026-08-10 01:15";"Porto";"Av. 25 de Abril";"Póvoa de Varzim ";"4490-000";41.39275;-8.75503
"PRIO Gaia";"Outro";"Vila Nova de Gaia";"0,889 €";"PRIO";"GPL Auto";"2026-08-10 01:15";"Porto";"Gaveto da Av. Vasco da Gama com a Rua de Baiza, nº1243 ";"Vilar de Andorinho";"4430-335";41.10897;-8.57401
"PRIO Taveiro - Coimbra";"Outro";"Coimbra";"0,899 €";"PRIO";"GPL Auto";"2026-08-10 01:15";"Coimbra";"Lugar de Vale ou Presa e Telhões (ao lado do Retail Park de Taveiro)";"Taveiro";"3040-881";40.19243;-8.508243
"PRIO Porto - Zona Industrial";"Outro";"Porto";"0,889 €";"PRIO";"GPL Auto";"2026-08-10 01:15";"Porto";"Rua Engenheiro Ferreira Dias, Freguesia de Ramalde, 1104,1150";"Porto";"4100-247";41.17751;-8.648651
"PRIO Canelas";"Outro";"Vila Nova de Gaia";"0,889 €";"PRIO";"GPL Auto";"2026-08-10 01:15";"Porto";"Rua das Lajes, nº 1165";"Canelas";"4410-272";41.087156;-8.602517
"PRIO  Faro";"Outro";"Faro";"0,889 €";"PRIO";"GPL Auto";"2026-08-10 01:15";"Faro";"EN 125-10 (Estrada do Aeroporto)";"Faro";"8005-146";37.03714;-7.957144
"P08 - SHELL Amarante";"Outro";"Amarante";"0,939 €";"SHELL";"GPL Auto";"2026-08-10 01:15";"Porto";"Lugar do Ferro, nº 593";"Lufrei";"4600-681";41.262432;-8.062497
"P50 - PRIO Marinhais";"Outro";"Salvaterra de Magos";"0,899 €";"PRIO";"GPL Auto";"2026-08-10 01:15";"Santarém";"Estrada Nacional 367, n.º 438 ";"Marinhais";"2125-121";39.049244;-8.708553
"PRIO Verdemilho";"Outro";"Aveiro";"0,899 €";"PRIO";"GPL Auto";"2026-08-10 01:15";"Aveiro";"Rua Conselheiro QueirózNacional 109";"Verdemilho";"3810-414";40.61869;-8.65511
"PRIO Canidelo";"Outro";"Vila Nova de Gaia";"0,889 €";"PRIO";"GPL Auto";"2026-08-10 01:15";"Porto";"Av. Poeta Eugenio de AndradeVia Atlantica, nº 1115";"Canidelo";"4400-357";41.117298;-8.646667
"SHELL-RECAREI";"Outro";"Matosinhos";"0,949 €";"SHELL";"GPL Auto";"2026-08-10 01:15";"Porto";"Rua de Recarei/Rua de Redolhos";"Leça do Balio";"4465-648";41.206177;-8.633565
"SHELL  Seixal";"Outro";"Seixal";"0,959 €";"SHELL";"GPL Auto";"2026-08-10 01:15";"Setúbal";"Travessa Quinta da Galega nº 1";"Paio Pires";"2840-579";38.60893;-9.080099
"PRIO Fábrica do Cobre";"Outro";"Porto";"0,889 €";"PRIO";"GPL Auto";"2026-08-10 01:15";"Porto";"Loteamento Fábrica do Cobre, Lote 1 - Rua Linhas de Torres";"Campanhã";"4350";41.169384;-8.57232
"SHELL Perafita";"Outro";"Matosinhos";"0,969 €";"SHELL";"GPL Auto";"2026-08-10 01:15";"Porto";"Rua D. Marcos da Cruz";"Perafita";"4455-533";41.218337;-8.694601
"PRIO Maia (Via Ardegães)";"Outro";"Maia";"0,899 €";"PRIO";"GPL Auto";"2026-08-10 01:15";"Porto";"Via de Ardegães n.º255 - Aguas Santas";"Maia";"4425-500";41.22373;-8.56429
"PRIO Trofa";"Outro";"Trofa";"0,899 €";"PRIO";"GPL Auto";"2026-08-10 01:15";"Porto";"Rua Costa Ferreira nº 25 ";"Trofa";"4785-298";41.338908;-8.551626
"P35 - SHELL Terrugem";"Outro";"Sintra";"0,959 €";"SHELL";"GPL Auto";"2026-08-10 01:15";"Lisboa";"EN 247 ao km 66,38 - Godigana";"Terrugem";"2705-869";38.858;-9.379323
"SHELL Argoncilhe";"Outro";"Santa Maria da Feira";"0,969 €";"SHELL";"GPL Auto";"2026-08-10 01:15";"Aveiro";"Rua da Estrada Nacional Nº1 ";"Argoncilhe";"4505-007";41.01642;-8.557138
"PRIO Samil";"Outro";"Oliveira de Azeméis";"0,879 €";"PRIO";"GPL Auto";"2026-08-10 01:15";"Aveiro";"Gaveto da Rua de Samil com a Rua da Devesa Velha - Lugar das Devesas";"Samil";"3720-716";40.890083;-8.47475
"PRIO Fânzeres";"Outro";"Gondomar";"0,899 €";"PRIO";"GPL Auto";"2026-08-10 01:15";"Porto";"Rua Dr. Severiano 130, Fânzeres";"Fânzeres";"4510-707";41.160137;-8.53055
"SHELL Mira-Sintra  (A16 Sul)";"Auto-estrada";"Sintra";"0,969 €";"SHELL";"GPL Auto";"2026-08-10 01:15";"Lisboa";"A 16 - IC16 - km 2,600 a 3,100";"Agualva-Cacém";"2735-395";38.787167;-9.298369
"GALP A.S. Aeroporto (S/N)";"Outro";"Lisboa";"0,949 €";"GALP";"GPL Auto";"2026-08-10 03:40";"Lisboa";"Avª Marechal CrAveiro Lopes";"Lisboa";"1700-277";38.77945;-9.12223
"GALP Aeroporto (N/S)";"Outro";"Lisboa";"0,949 €";"GALP";"GPL Auto";"2026-08-10 03:40";"Lisboa";"Avª Marechal Craveiro Lopes";"Lisboa";"1700-277";38.779526;-9.123903
"GALP-  Gondomar";"Outro";"Gondomar";"0,944 €";"GALP";"GPL Auto";"2026-08-10 03:45";"Porto";"Av.General Humberto Delgado";"Gondomar";"4420-155";41.14706;-8.531529
"GALP A12 A.S. Alcochete - Pte Vasco da Gama (N/S)";"Auto-estrada";"Alcochete";"0,984 €";"GALP";"GPL Auto";"2026-08-10 03:45";"Setúbal";"Acesso Ponte Vasco da Gama, Km 13,750 N/S";"Samouco";"2890-201";38.72579;-8.98711
"GALP A12 A.S. Alcochete - Pte Vasco da Gama (S/N)";"Auto-estrada";"Alcochete";"0,984 €";"GALP";"GPL Auto";"2026-08-10 03:45";"Setúbal";"Acesso Sul da Ponte Vasco da Gama Km 13.6";"Alcochete";"2890-001";38.72734;-8.987152
"GALP A8 A.S. Torres Vedras (N/S)";"Auto-estrada";"Torres Vedras";"0,999 €";"GALP";"GPL Auto";"2026-08-10 03:50";"Lisboa";"A 8 Km 12.07";"Ramalhal";"2565-646";39.15817;-9.226294
"GALP A8 A.S. Torres Vedras (S/N)";"Auto-estrada";"Torres Vedras";"0,999 €";"GALP";"GPL Auto";"2026-08-10 03:50";"Lisboa";"A8 - km 12,070 - Sub lanço Carvalhal / Campelos";"Ramalhal";"2565-646";39.15679;-9.22618
"GALP A.S. A2 Aljustrel (S/N)";"Auto-estrada";"Aljustrel";"0,999 €";"GALP";"GPL Auto";"2026-08-10 03:55";"Beja";"A2 - Km 148 (S/N)";"Aljustrel";"7600-000";37.92348;-8.241723
"GALP A.S. A2 Aljustrel (N/S)";"Auto-estrada";"Aljustrel";"0,999 €";"GALP";"GPL Auto";"2026-08-10 03:55";"Beja";"A.E.2 Km 148";"Aljustrel";"7600-000";37.923733;-8.243193
"GALP A.S. Telheiras - Eixo Norte-Sul (S/N)";"Outro";"Lisboa";"0,949 €";"GALP";"GPL Auto";"2026-08-10 04:00";"Lisboa";"Rua Frederico George - Eixo N/S - Sentido S/N";"Lisboa";"1600-468";38.767593;-9.171036
"GALP A.S. Vila do Conde (Vila Conde/Porto)";"Auto-estrada";"Vila do Conde";"0,969 €";"GALP";"GPL Auto";"2026-08-10 04:00";"Porto";"A28 - km 12 - Modivas";"Labruge";"4485-600";41.289143;-8.704652
"GALP A.S. Vila do Conde (Porto/Vila Conde)";"Auto-estrada";"Vila do Conde";"0,969 €";"GALP";"GPL Auto";"2026-08-10 04:00";"Porto";"IC 1 - Km 328 - Modivas";"Labruge";"4485-600";41.28921;-8.703153
"TFUEL - VENDAS NOVAS";"Outro";"Vendas Novas";"1,089 €";"TFUEL";"GPL Auto";"2026-08-10 04:00";"Évora";"Rua São João de Deus";"Vendas Novas";"7080-031";38.67433;-8.445581
"GALP A.S. A23 Guarda (N/S)";"Auto-estrada";"Guarda";"0,999 €";"GALP";"GPL Auto";"2026-08-10 04:05";"Guarda";"A23 - Km 213,3";"Arrifana";"6300-035";40.54398;-7.216512
"GALP A.S. A23 Guarda (S/N)";"Auto-estrada";"Guarda";"0,999 €";"GALP";"GPL Auto";"2026-08-10 04:05";"Guarda";"A23 - Km 213,3 (S/N)";"Guarda";"6300-000";40.543446;-7.215042
"GALP A.S. Loulé (Loulé/Faro)";"Auto-estrada";"Loulé";"0,984 €";"GALP";"GPL Auto";"2026-08-10 04:05";"Faro";"A22 – Km 62,500 - Sublanço Guia-Loulé 1 (Loulé/Faro)";"Franqueada";"8100-000";37.13618;-8.110881
"GALP A22 Loulé (Faro/Loulé)";"Auto-estrada";"Loulé";"0,984 €";"GALP";"GPL Auto";"2026-08-10 04:05";"Faro";"A. E. 22 Km 62.5 Sublanço Guia / Loulé_Aparta";"Loulé";"8100-000";37.136974;-8.110044
"GALP Porto - Francos";"Outro";"Porto";"0,944 €";"GALP";"GPL Auto";"2026-08-10 04:05";"Porto";"Rotunda do Bessa";"Porto";"4100-012";41.164307;-8.639143
"GALP A2 A.S. Palmela (S/N)";"Auto-estrada";"Palmela";"0,984 €";"GALP";"GPL Auto";"2026-08-10 04:10";"Setúbal";"A2 - Km 31,200";"Vale de Touros";"2950-137";38.585865;-8.929574
"GALP A.S. Salvaterra de Magos (N/S)";"Auto-estrada";"Salvaterra de Magos";"0,999 €";"GALP";"GPL Auto";"2026-08-10 04:10";"Santarém";"A. E. 13 Km 60.4  Sublanço Almeirim / Salvaterra";"Marinhais";"2125-125";39.058243;-8.667848
"GALP A.S. A23 Vila Velha de Rodão (N/S)";"Auto-estrada";"Vila Velha de Ródão";"0,999 €";"GALP";"GPL Auto";"2026-08-10 04:10";"Castelo Branco";"A23 - Km 80 - Fratel";"Gardete";"6030-013";39.574207;-7.782874
"GALP A.S. A23 Vila Velha de Rodão (S/N)";"Auto-estrada";"Vila Velha de Ródão";"0,999 €";"GALP";"GPL Auto";"2026-08-10 04:10";"Castelo Branco";"A23 - Km 80 - Fratel";"Fratel";"6030-012";39.572548;-7.78226
"GALP A.S. A25 Vouzela (Viseu/Aveiro)";"Auto-estrada";"Vouzela";"0,999 €";"GALP";"GPL Auto";"2026-08-10 04:15";"Viseu";"A25 km 53,600";"Campia";"3670-056";40.686817;-8.230022
"GALP A.S. Salvaterra de Magos (S/N)";"Auto-estrada";"Salvaterra de Magos";"0,999 €";"GALP";"GPL Auto";"2026-08-10 04:15";"Santarém";"A.13 Km 60,4  Sublanço Almeirim / Marateca";"Marinhais";"2125-125";39.057034;-8.666127
"GALP A.S. Aveiras Cima (N/S)";"Auto-estrada";"Azambuja";"0,999 €";"GALP";"GPL Auto";"2026-08-10 04:15";"Lisboa";"A.E.1 Km 44,000";"Aveiras de Cima";"2050-071";39.124374;-8.907065
"GALP A.S. Aveiras Cima (S/N)";"Auto-estrada";"Azambuja";"0,999 €";"GALP";"GPL Auto";"2026-08-10 04:15";"Lisboa";"A1 - Km 44";"Aveiras de Cima";"2050-000";39.122275;-8.907926
"GALP A.S. Matosinhos (A/M)";"Auto-estrada";"Matosinhos";"0,954 €";"GALP";"GPL Auto";"2026-08-10 04:15";"Porto";"A4/IP4, Km 3,2 e 4,1 - SCUT Grande Porto, Lanço Sendim-Águas Santas, Sublanço Sendim Norte";"Custóias";"4460-739";41.20541;-8.64073
"GALP A25  Aveiro - Estádio (AVEIRO/VISEU)";"Auto-estrada";"Aveiro";"0,969 €";"GALP";"GPL Auto";"2026-08-10 04:20";"Aveiro";"Auto Estrada A25 / Itinerário Principal IP5, ao km 15.200, Sublanço Nó do Estádio";"Eixo";"3800-911";40.65997;-8.591281
"GALP A25 A.S. Aveiro - Estádio (V/AV)";"Auto-estrada";"Aveiro";"0,969 €";"GALP";"GPL Auto";"2026-08-10 04:20";"Aveiro";"Auto Estrada A25 / Itinerário Principal IP5, ao km 15.200, Sublanço Nó do Estádio";"Eixo";"3800-911";40.662167;-8.592444
"GALP A25 Vouzela (Aveiro/Viseu)";"Auto-estrada";"Vouzela";"0,999 €";"GALP";"GPL Auto";"2026-08-10 04:20";"Viseu";"A.E. A25 - IP5, Km 7,90 e 8,30 do Sub -Lanço Talhadas/Vouzela - Lanço Nódo IC2";"Campia";"3670-056";40.686275;-8.232481
"GALP Vila Nova de Gaia (Norte)";"Outro";"Vila Nova de Gaia";"0,944 €";"GALP";"GPL Auto";"2026-08-10 04:25";"Porto";"Via 8 - Santa Marinha (Lado rio)";"Vila Nova de Gaia";"4400-698";41.1403;-8.63289
"GALP Senhora da Hora";"Outro";"Matosinhos";"0,944 €";"GALP";"GPL Auto";"2026-08-10 04:25";"Porto";"E.N. 12 – Estrada da Circunvalação – nº 12040";"Sra. Hora - Matosinhos";"4460-282";41.182222;-8.647778
"GALP A3 A.S. Trofa (Por/Bra)";"Auto-estrada";"Trofa";"0,954 €";"GALP";"GPL Auto";"2026-08-10 04:30";"Porto";"A3 - Km 11 - Lugar de Vilar de Lila";"Vilar da Lila";"4785-209";41.263548;-8.563295
"GALP A3 A.S. Trofa (Bra/Por)";"Auto-estrada";"Trofa";"0,954 €";"GALP";"GPL Auto";"2026-08-10 04:30";"Porto";"A3 - Km 11 - Lugar de Vilar de Lila";"Vilar de Lila";"4785-209";41.264493;-8.564415
"GALP A.S. Oeiras (Lisb/Casc)";"Auto-estrada";"Oeiras";"0,964 €";"GALP";"GPL Auto";"2026-08-10 04:30";"Lisboa";"A 5 A. E. Lisboa/Cascais Km 9.6";"Oeiras";"2780-201";38.715042;-9.284689
"GALP A.S. Oeiras (Casc/Lisb)";"Auto-estrada";"Oeiras";"0,964 €";"GALP";"GPL Auto";"2026-08-10 04:30";"Lisboa";"A 5 - Km 9,6 - Cascais/Lisboa";"Oeiras";"2780-201";38.715027;-9.284626
"GALP A.S. Águas Santas (Porto/Amar)";"Auto-estrada";"Maia";"0,954 €";"GALP";"GPL Auto";"2026-08-10 04:35";"Porto";"A 4 - Km 9,8 - Porto/Amarante";"Maia";"4425-547";41.19994;-8.566581
"GALP A.S. Águas Santas (Amar/Porto)";"Auto-estrada";"Maia";"0,954 €";"GALP";"GPL Auto";"2026-08-10 04:35";"Porto";"A4- A.E.Amarante/Porto, Km 9.8";"Maia";"4425-547";41.20092;-8.568215
"Galp A.S. Pombal (S/N)";"Auto-estrada";"Pombal";"0,999 €";"GALP";"GPL Auto";"2026-08-10 04:35";"Leiria";"A 1 - Km 166,7 - Lisboa/Porto";"Pombal";"3100-000";40.01132;-8.600008
"Galp A.S. Pombal (N/S)";"Auto-estrada";"Pombal";"0,999 €";"GALP";"GPL Auto";"2026-08-10 04:35";"Leiria";"A1 - Km 166,7 - Porto/Lisboa";"Redinha";"3100-000";40.01513;-8.59995
"GALP Sines";"Outro";"Sines";"0,944 €";"GALP";"GPL Auto";"2026-08-10 04:40";"Setúbal";"AV.GENERAL HUMBERTO DELGADO";"Sines";"7520-106";37.95935;-8.859145
"GALP A.S. Vilamoura - (Albufeira/Vilamoura)";"Outro";"Loulé";"0,959 €";"GALP";"GPL Auto";"2026-08-10 04:40";"Faro";"Av. João Pires Meireles";"Quarteira";"8125-000";37.08225;-8.117939
"GALP A4 A.S. Matosinhos (Matosinhos/Amarante)";"Auto-estrada";"Matosinhos";"0,954 €";"GALP";"GPL Auto";"2026-08-10 04:45";"Porto";"A4/ IP4 Km 3,08 e 4,10 Sublanço Nó de Custóias";"Custóias";"4460-739";41.204453;-8.640317
"BP VANDOMA";"Outro";"Paredes";"0,999 €";"BP";"GPL Auto";"2026-08-10 06:00";"Porto";"Rua Central de Vandoma nº 50";"Vandoma";"4585-769";41.190692;-8.398271
"Ferreira, Silva e Espirito Lda";"Outro";"Sever do Vouga";"1,159 €";"Genérico";"GPL Auto";"2026-08-10 06:00";"Aveiro";"Zona Industrial dos Padrões n.º 587";"Sever do Vouga";"3740-295";40.73628;-8.37964
"BP Ferreira - Variante";"Outro";"Paços de Ferreira";"0,999 €";"BP";"GPL Auto";"2026-08-10 06:15";"Porto";"Via do Poder Local, n.º889";"Ferreira";"4590-901";41.27705;-8.35772
"BP João XXIII (Oeste)";"Outro";"Paços de Ferreira";"0,999 €";"BP";"GPL Auto";"2026-08-10 06:20";"Porto";"Av. João XXIII nº 192";"Paços de Ferreira";"4590-515";41.27985;-8.371397
"Petromaranus - Com. Comb.,Lda.";"Outro";"Amarante";"0,964 €";"GALP";"GPL Auto";"2026-08-10 06:55";"Porto";"EN 15 - Lugar da Rampa Alta";"Rampa Alta";"4600-275";41.279994;-8.082825
"P.A.C. VALE MONDEGO, LDA";"Outro";"Soure";"0,958 €";"Genérico";"GPL Auto";"2026-08-10 07:00";"Coimbra";"Estrada Larga";"Granja do Ulmeiro";"3130-080";40.15677;-8.63387
"INTERMARCHÉ  Atouguia da Baleia";"Outro";"Peniche";"0,929 €";"INTERMARCHÉ";"GPL Auto";"2026-08-10 07:00";"Leiria";"EN 114 KM 7,600 ";"Porto Lobos";"2525-553";39.34556;-9.34062
"INTERMARCHÉ Algueirão - Mem Martins";"Outro";"Sintra";"0,869 €";"INTERMARCHÉ";"GPL Auto";"2026-08-10 07:00";"Lisboa";"Avenida Capitães de Abril, Lote 103";"Algueirão";"2725-037";38.802612;-9.336308
"P. Comb.- Venda da Gaita";"Outro";"Tomar";"0,989 €";"GALP";"GPL Auto";"2026-08-10 07:20";"Santarém";"EN 113, Coca da Sobreira, Venda da Gaita";"TOMAR";"2300-620";39.61444;-8.43088
"OLIVEIROIL - Combustíveis e Lubrificantes, Lda.   (GUI Monte Redondo)";"Outro";"Leiria";"0,989 €";"GALP";"GPL Auto";"2026-08-10 07:25";"Leiria";"Estrada nacional 109 Edificio 63 Montijos";"Montijos";"2425-618";39.880405;-8.837959
"BP Cantanhede";"Outro";"Cantanhede";"0,939 €";"BP";"GPL Auto";"2026-08-10 07:25";"Coimbra";"Rotunda da EN 234/EN 234-1 Km 1,6";"Cantanhede";"3060-124";40.34788;-8.58496
"E. LECLERC SANTARÉM";"Outro";"Santarém";"0,939 €";"LECLERC";"GPL Auto";"2026-08-10 07:30";"Santarém";"Quinta do Mergulhão";"São Nicolau";"2005-071";39.246939;-8.693825
"E. LECLERC LAMEGO";"Outro";"Lamego";"0,915 €";"LECLERC";"GPL Auto";"2026-08-10 07:30";"Viseu";"Quinta dos Prados de Baixo - Lugar da Rina";"Lamego";"5100-196";41.08775;-7.798573
"Posto Sodimapi Felgueiras";"Outro";"Felgueiras";"0,944 €";"Genérico";"GPL Auto";"2026-08-10 08:00";"Porto";"Lameiro-Morto, Sendim";"Sendim";"4610-750";41.377384;-8.172588
"Fernando Oliveira Inocencio, Unipessoal Lda.";"Outro";"Mira";"0,920 €";"Genérico";"GPL Auto";"2026-08-10 08:00";"Coimbra";"EN 234 km 2,1 , Via do Infante D. Pedro";"Leitões";"3070-212";40.420692;-8.713302
"Estação de Serviço de Aveiro Rotunda";"Outro";"Aveiro";"0,969 €";"REPSOL";"GPL Auto";"2026-08-10 08:10";"Aveiro";"Zona Industrial da Taboeira Qta Simão Sul  Sector II";"Aveiro";"3800-055";40.6516;-8.60898
"ES  COIMBRA - Gespost - Gestão e Administração de Postos de Abastecimento Unipessoal LDA";"Outro";"Coimbra";"0,944 €";"REPSOL";"GPL Auto";"2026-08-10 08:10";"Coimbra";"E N 111,1 - Stª Cruz (Junto à Academia do Choupal)  ";"Coimbra";"3000-477";40.227688;-8.446369
"ES 1169 - 2A CIRCULAR (SUL/NORTE) - Gespost - Gestão e Administração de Postos de Abastecimento Unipessoal LDA";"Outro";"Lisboa";"0,954 €";"REPSOL";"GPL Auto";"2026-08-10 08:10";"Lisboa";"2ª Circular sentido Sul/Norte Avenida Marechal Craveiro Lopes  ";"Lisboa";"1700-284";38.76278;-9.1412
"ES REPSOL Benfica B - Estádio da Luz";"Outro";"Lisboa";"0,954 €";"REPSOL";"GPL Auto";"2026-08-10 08:10";"Lisboa";"Av. Eusébio da Silva Ferreira (Estádio da Luz) ";"Lisboa";"1500-313";38.755417;-9.183167
"AS GAIA A - Gespost - Gestão e Administração de Postos de Abastecimento Unipessoal LDA";"Auto-estrada";"Vila Nova de Gaia";"1,014 €";"REPSOL";"GPL Auto";"2026-08-10 08:10";"Porto";"A1 ao Km 295 Sul/Norte ";"Vila Nova de Gaia";"4430-129";41.101418;-8.599467
"E.S. CREL NORTE B    A.S.";"Auto-estrada";"Loures";"1,014 €";"REPSOL";"GPL Auto";"2026-08-10 08:10";"Lisboa";"A 9 km21 Sub Lanco Bucelas/Loures ";"";"2670-901";38.858597;-9.161338
"ES 1138 - 2A CIRCULAR (NORTE/SUL) - Gespost - Gestão e Administração de Postos de Abastecimento Unipessoal LDA";"Outro";"Lisboa";"0,954 €";"REPSOL";"GPL Auto";"2026-08-10 08:10";"Lisboa";"2ª Circular sentido Norte/Sul Avenida Marechal Craveiro Lopes  ";"Lisboa";"1700-284";38.763382;-9.140311
"ES  CONSTITUICAO - Gespost - Gestão e Administração de Postos de Abastecimento Unipessoal LDA";"Outro";"Porto";"1,024 €";"REPSOL";"GPL Auto";"2026-08-10 08:10";"Porto";"Rua da Constituição nº 2570";"Porto";"4000-000";41.165108;-8.628078
"ES ROT. DA CAVALEIRA - Gespost - Gestão e Administração de Postos de Abastecimento Unipessoal LDA";"Outro";"Sintra";"0,924 €";"REPSOL";"GPL Auto";"2026-08-10 08:15";"Lisboa";"Rotunda da Cavaleira  Algueirão ";"Sintra";"2710-418";38.80345;-9.356381
"REPSOL Torres Novas NÓ A1/A23 ";"Outro";"Torres Novas";"0,964 €";"REPSOL";"GPL Auto";"2026-08-10 08:15";"Santarém";"Lugar da Lameira Grande, Videla - Fig da Zibreira - Z.I da Zibreira ";"Zibreira";"2350-838";39.477825;-8.623297
"REPSOL Mem Martins B";"Outro";"Sintra";"0,944 €";"REPSOL";"GPL Auto";"2026-08-10 08:15";"Lisboa";"Alto do Forte Rua das Vagens - Mem Martins ";"Mem Martins";"2725-260";38.78333;-9.338441
"REPSOL Rio Tinto II";"Outro";"Gondomar";"0,964 €";"REPSOL";"GPL Auto";"2026-08-10 08:15";"Porto";"Rua de Rebordões n.º 297";"Rio Tinto";"4435-416";41.18037;-8.568678
"ES ALCOCHETE - Gespost - Gestão e Administração de Postos de Abastecimento Unipessoal LDA";"Outro";"Alcochete";"1,024 €";"REPSOL";"GPL Auto";"2026-08-10 08:15";"Setúbal";"Lugar do Entroncamento";"Alcochete";"2890-009";38.745583;-8.930714
"ES PORTIMÃO CARDOSAS - Gespost - Gestão e Administração de Postos de Abastecimento Unipessoal LDA";"Outro";"Portimão";"1,024 €";"REPSOL";"GPL Auto";"2026-08-10 08:15";"Faro";"Poço Seco - Cardosas";"";"8500-315";37.150074;-8.539489
"Área de Serviço Repsol Almada A33";"Auto-estrada";"Almada";"0,964 €";"REPSOL";"GPL Auto";"2026-08-10 08:15";"Setúbal";"A 33 Km 2,5 ";"Costa de Caparica";"2825-279";38.637806;-9.198797